name,province,city,location,desc,want,has_been,strategy,route,ticket_info,open_time
五原河套农耕文化博览园,内蒙古,巴彦淖尔市,五原县,"{'景区简介': ['五原河套农耕文化博览园是一个以农耕文化为主题，融科普、教育、参与性和趣味性为一体精心打造的景区。五原县是河套地区农耕文明的发祥地，河套文化是人类发展史上农耕文明与游牧文明聚集交融的典型代表。园区整合了五原乃至河套地区自西汉以来2400年间发生在这片土地上的重大历史事件、重要历史人物以及河套农耕历史沿革等资源，突出蒙元文化和移民文化相融共生的河套农耕文化特色，将生动丰富的河套民风民俗融于各主题园区，展示了河套人艰苦奋斗，勤劳朴实的精神，全方位勾画出了从古到今河套农耕文化的全景图。'], '景点分布': ['河套农耕文化博览园位于五原县隆兴昌镇，规划用地1万亩。园区分三期完成，主要包括河套农耕文化博物馆、观光农业采摘区、河套农耕文化体验区、河套民俗文化村、河套农家乐等六个文化产业基地，设计有风情水街、农耕博物馆、二十四节气广场、民俗活动互动区、葵博园、河套民俗文化村、黄河文化园等重要节点景观。'], '景区资质': ['国家4A级景区'], '景区特色': ['历史文化、民俗文化、博物馆、文化园从您位置到河套农博园']}",1,7,{'最佳游览时间': ['四季皆宜']},"{'景区位置': ['中国>内蒙古自治区>巴彦淖尔市>五原县>复兴镇>和胜乡'], '到达方式': ['G110/京银线→S212→河套农博园']}",{'河套农博园门票价格': ['免费']},['全天']
五原县历史文化博物馆,内蒙古,巴彦淖尔市,五原县,"{'景区简介': ['五原县历史文化博物馆是内蒙古西部最大的县级博物馆，是保护、研究、展示历史文化遗产和人类环境物证职能的教育机构，是宣传文明成就和发展水平的重要窗口，是全面反映和真实再现古郡五原人文历史的标志性建筑。博物馆集历史、人文、民俗民风、书画艺术为一体，采用跨越时空概括再现的艺术手法，结合制作模型辅助展品等形象资料进行系统的布展陈列，是河套农耕文化、军事文化、水利文化、边塞文化的缩影，是连接四方挚友的桥梁和文学艺术创作的殿堂。'], '景点分布': ['五原县历史文化博物馆位于葵花广场东侧，总占地面积2500平方米。博物馆共分四层，第一层东侧为商业门点，其余部分为档案馆库房和社保局、就业局的服务大厅和活动室；二层为博物馆展区，共分为前厅、黄河文化精品展厅、革命历史展厅、书画展厅、农耕水利文化厅、王同春纪念馆、五原誓师厅等12个展厅；第三、四层为办公区；顶部中间的大蒙古包作为现代化装备的会议厅使用。馆藏纪念勋章、书画、陶器、青铜器、珐琅器等上溯新石器时代，下至近现代的20多个门类、1000余件精品文物，极具价值。'], '景区资质': ['国家3A级景区'], '景区特色': ['历史文化、博物馆从您位置到五原博物馆']}",0,0,{'最佳游览时间': ['四季皆宜']},"{'景区位置': ['中国>内蒙古自治区>巴彦淖尔市>五原县>复兴镇>和胜乡'], '到达方式': ['长途汽车至五原县，下车后步行即可', '京银线→世纪大道→新华南路→葵花广场→景区']}",{'五原博物馆门票价格': ['免费']},['09:00-17:00']
黄河三盛公国家水利风景区,内蒙古,巴彦淖尔市,磴口县,"{'景区简介': ['黄河三盛公水利风景区以三盛公水利枢纽工程为核心，是全国资源类型较多和实体较大的水利风景区。黄河三盛公水利枢纽工程是黄河上唯一以灌溉为主的一首制大型平原闸坝工程，堪称“万里黄河第一闸”。风景区集2000多年的历史文化遗存，丰富的自然景观和人文景观，庄严雄伟的三盛公水利枢纽工程和“闸、水、馆、林、雕塑、沙漠、地貌”为一身，集中体现了黄河、灌区、沙漠、湿地、水利工程、民俗文化、民族风情和历史文化等诸多内容，成为融观光游览、休闲度假、户外运动、生态科普为一体的旅游区。'], '景点分布': ['黄河三盛公水利风景区地处巴彦淖尔市磴口县、鄂尔多斯市杭锦旗、阿拉善盟阿左旗接壤处，总面积129.31平方公里。主要景观有标志性金属雕塑“同心锁”、大型金属雕塑古筝园、胡杨林、黄河放生地、金属雕塑园、动物狂想园、三盛公展览馆、欢乐岛、水上游乐场、黄河水坛、黄河文化广场、芍药园等12个景点，建成了三星级标准的三盛公大酒店和具有农家特色的王老五鱼庄，配有电瓶车道、自行车道、游步道、各类广场、游船码头等，为游客提供全方位需求。'], '景区资质': ['国家4A级景区'], '景区特色': ['休闲、娱乐、水利工程、河流从您位置到黄河三盛公']}",0,3,{'旅游攻略': ['冬季旅游活动主要是“冰雪三盛公观光”、“黄河冰凌奇观览胜”，活动时间为每年12月初至次年3月底。']},"{'景区位置': ['中国>内蒙古自治区>巴彦淖尔市>磴口县>补隆淖镇>沙漠林业实验中心农场'], '到达方式': ['京藏高速→磴口立交桥→X710→钢铁路→东风街→京银线→黄河三盛公水利风景区', '临河市→G110→黄河三盛公水利风景区']}",{'黄河三盛公门票价格': ['70元']},['08:30-18:00']
内蒙古哈腾套海国家级自然保护区,内蒙古,巴彦淖尔市,磴口县,"{'景区简介': ['内蒙古哈腾套海国家级自然保护区位于内蒙古自治区巴彦淖尔市磴口县西北部的乌兰布和沙漠的东北缘，2005年7月晋升为国家级自然保护区，总面积为123600公顷。哈腾套海国家级自然保护区主要保护对象是荒漠植被生态系统和珍稀濒危野生动植物及其生存环境，属荒漠生态类型自然保护区。'], '景区特色': ['摄影、自然、休闲、荒漠、植物、动物从您位置到哈腾套海']}",17,55,{'最佳游览时间': ['四季皆宜']},"{'景区位置': ['中国>内蒙古自治区>巴彦淖尔市>磴口县>补隆淖镇>沙漠林业实验中心农场'], '到达方式': ['自驾路线：', '巴彦淖尔市→开源路→新华西街→G110→临乌高速公路→巴音路→哈腾套海国家级自然保护区。']}",{'哈腾套海门票价格': ['无']},['全天']
巴彦淖尔维信国际高尔夫度假村,内蒙古,巴彦淖尔市,乌拉特前旗,"{'景区简介': ['维信国际高尔夫度假村拥有目前国内唯一的沙地林克斯球场，被誉为中国的圣安德鲁斯皇家高尔夫球场。度假村地处内蒙古巴彦淖尔市乌拉特前旗巴音花镇（110国道包头西38公里处），是内蒙古第一家大型综合旅游度假村，它占地3500余亩，以阴山群峰为屏障，以河套平原为衬托，整体设计气势磅礴，波澜起伏。'], '景点分布': ['度假村内拥有18洞国际标准高尔夫球场、高尔夫练习场、13000平方米豪华会馆、66栋高雅别墅、500亩园林景观花园、室内外游泳池、温泉洗浴中心、骑马（骆驼）、垂钓、网球、桌球、保龄球等。'], '景区资质': ['国家4A级景区'], '景区特色': ['别墅、高尔夫球场、会议、度假村从您位置到度假村']}",135,160,"{'最佳游览时间': ['4至10月'], '购物推荐': ['镀银酒具、蒙古族服饰、内蒙古挂毯、羊绒制品、乳制品、河套礼品酒、华莱士蜜等。']}","{'景区位置': ['中国>内蒙古自治区>巴彦淖尔市>乌拉特前旗>苏独仑镇>沙德格苏木>巴彦淖尔市中滩农场>巴彦淖尔市西山咀农场>巴彦淖尔市新安农场>巴彦淖尔市苏独仑农场>巴彦淖尔市大佘太牧场>巴彦淖尔市乌梁素海渔场'], '到达方式': ['距离包头市38公里，30分钟车程，交通便利。', '距内蒙古首府呼和浩特145公里，是呼和浩特市通往锡林浩特市102省道的必经之路，道路宽阔平整，交通便利，可乘车从呼市出发2小时即到。']}",{'度假村门票价格': ['练习场：练习球60粒，30元，租杆费10元；年卡6800元，半年卡3980元，季卡2380元。球场：平日18洞，600元；假日18洞，800元。']},"['夏天7：30--21：30', '冬天8：30--18：30']"
巴彦卓尔市河套酒业工业旅游区,内蒙古,巴彦淖尔市,杭锦后旗,"{'景区简介': ['河套酒业被中国酿酒工业协会白酒技术委员会认定为“北方第一窖”，建有内蒙古第一家企业博物馆--内蒙古酒文化博物馆。旅游区内环境优美，人文气候浓厚，秩序井然的生产厂区赫然在目；先进的生产线和酿酒设施让你大开眼界；博物馆让你充分了解内蒙古酒文化的源远流长；拥有接待中心、健身房、图书馆和一系列娱乐设施的职工文化活动中心，让你感觉到河套酒业深深的人文关怀。'], '景点分布': ['河套旅游区位于内蒙古杭锦后旗陕坝镇建设街39号，即内蒙古河套酒业集团所在地。集团占地152万平方米，其博物馆占地面积2800平方米，有1500平方米的展厅，馆藏文物350余件，以“金樽美酒，骏马天骄——内蒙古酒文化展览”和“河套酒业五十载奋斗历程”为主题，概括了内蒙古地区4500年的酿酒历史，具有典型草原民族特色。企业文化活动中心内设施完备，功能齐全。润升园职工小区居住着河套酒业员工，小区环境优雅，建筑造型别致，是内蒙古西部一流的生活小区。'], '景区资质': ['国家3A级景区'], '景区特色': ['休闲、购物、工业游、博物馆从您位置到河套酒业']}",28,49,"{'最佳游览时间': ['四季皆宜'], '购物推荐': ['购物：酒类']}","{'景区位置': ['中国>内蒙古自治区>巴彦淖尔市>杭锦后旗>蒙海镇>陕坝镇'], '到达方式': ['自驾路线：', '沿京藏高速公路行驶36.8公里，过左侧的三角城，从临河新区/陕坝出口离开稍向右转上匝道，直行进入赛临线，过右侧的园子渠村，沿S213行驶2.1公里，右转行驶到达终点']}",{'河套酒业门票价格': ['暂无']},['暂无']
乌兰察布市老虎山公园,内蒙古,乌兰察布市,集宁区,"{'景区简介': ['乌兰察布市老虎山公园是一处集文化、休闲、娱乐为一体的综合性公园。公园占地536.8公顷，是集宁区城中一大景观，也是集宁地区的至高点。站在老虎山上，集宁街景一览无余。园内建有大型人工瀑布、人民英雄纪念碑、还有专供游客休憩的特色凉亭。盘山公路由山底直达山顶，鹅卵石路曲径通幽，满山青松翠绿，是人们休闲的理想之处。老虎山公园位于内蒙古乌兰察布市集宁区。'], '景点分布': ['老虎山公园总体共设九个区，它们分别是：大门瀑布区、纪念碑区、植物园区、虎石区、虎山游乐区、赵家大院、老潭区、冯将军林和老城遗址。'], '景区资质': ['国家2A级景区'], '景区特色': ['摄影、登山、赏花、历史文化游、民俗风情游、纪念馆、民俗村、植物园、山川从您位置到老虎山']}",46,194,{'最佳游览时间': ['每年的夏、秋季节。']},"{'景区位置': ['中国>内蒙古自治区>乌兰察布市>集宁区'], '到达方式': ['乌兰察布市内乘坐5路公交车可达。']}",{'老虎山门票价格': ['免费开放。']},{}
集宁战役红色纪念园,内蒙古,乌兰察布市,集宁区,"{'景区简介': ['集宁战役红色纪念园是为纪念内蒙古解放战争史上极为光辉的三大战役而建，是内蒙古自治区重要的爱国主义教育基地。解放战争时期，集宁是我党同国民党在原绥远地区争夺最为激烈、战役规模最大的地区之一。从1946年1月到1948年9月，集宁爆发了集宁争夺战、大同集宁战役和解放集宁战役三次较大规模战役，重创了国民党军队的有生力量，有力支援了辽沈战役决战，解放了集宁和绥东地区。纪念馆通过多种先进的陈展技术和富有感染力的艺术手段，生动再现了集宁战役的历史全貌，缅怀老一辈无产阶级革命家的丰功伟绩，成为红色旅游的一大重地。'], '景点分布': ['集宁战役红色纪念园位于市区泉山北街，总占地面积13万平方米，园区以集宁战役纪念馆为主展区，有集宁烈士陵园、胜利广场、纪念广场、绥蒙政府纪念广场、将军园、名人园、碑林园、支前广场、英雄广场、二〇五师纪念广场、和平广场、人民英雄纪念碑、集宁战役指挥部旧址、地道遗址、英烈墙、国防教育区、场景复原区、军事体验馆、全国红色旅游书屋、青少年科技实验基地等景观，展出包括珍贵文物、照片、复制品和艺术作品在内的各类展品1200多件。'], '景区资质': ['国家4A级景区'], '景区特色': ['历史文化、红色旅游、纪念馆从您位置到集宁战役']}",0,32,"{'最佳游览时间': ['四季皆宜'], '购物推荐': ['红色纪念品']}","{'景区位置': ['中国>内蒙古自治区>乌兰察布市>集宁区'], '到达方式': ['乘车路线：31路集宁战役纪念馆，7路外环察哈尔民俗街', '自驾路线：京银线→通州街→怀远北路→泉山北街']}",{'集宁战役门票价格': ['免费']},['9:00—16:30（16:00停止领取参观券，周一闭馆）']
集宁白泉山公园,内蒙古,乌兰察布市,集宁区,"{'景区简介': ['集宁白泉山公园以“英雄察哈尔、魅力白泉山”为主题，是一座集休闲娱乐、历史文化教育、特色体育运动、生态科普宣传于一体，展示城市历史文脉，弘扬特色文化的独特城市园林景观。公园将十大景区、十八个景点于一体，成为中心城区名符其实的“城中绿岛”、“天然氧吧”，并且延展地域特色，融合人文活动，强化文化内涵，是人们茶余饭后、休闲观景的不二之选。'], '景点分布': ['白泉山公园地处新旧两区交接处，占地面积6.5平方公里。公园分为主入口区、生态森林区、水景风情区、文化休闲区、活力运动区五个景观功能区，有林荫广场、林间栈道、文化长廊、望山亭广场、敖包广场、友谊林健身广场、茶院、望城阁、瀑布、如意广场、碉堡园、防火观景楼、望庙山广场、儿童公园、金雕广场、金顶大帐等景点、设施。'], '景区特色': ['休闲、观光、健身、娱乐、公园、游乐园、瀑布从您位置到白泉山公园']}",0,78,{'最佳游览时间': ['四季皆宜']},"{'景区位置': ['中国>内蒙古自治区>乌兰察布市>集宁区'], '到达方式': ['自驾路线：G110、察哈尔西街、工农南路、怀远南路转入泉山南街、生态大道行驶即可。']}",{'白泉山公园门票价格': ['免费']},['全天']
乌兰察布霸王河生态旅游区,内蒙古,乌兰察布市,集宁区,"{'景区简介': ['乌兰察布霸王河生态旅游区是一处集生态建设、休闲娱乐、旅游观光于一体的生态滨河公园，也是乌兰察布中心城区的主要水源地。霸王河是集宁的母亲河，属内蒙古黄旗海水系，集宁区政府于2010年开展了霸王河综合治理工程，建设了湿地公园，对于维护黄旗海水系水环境安全、保障我国半干旱草原地区水源涵养地水质和水量、保护水鸟栖息地等方面具有重要意义。极佳的自然环境，也让这里成为市民健身、休闲、娱乐的重要场所之一，作为乌兰察布“三山两河”的一景，为这座城市增添了几分灵气。'], '景点分布': ['霸王河生态旅游区位于乌兰察布市集宁区中南部，总面积418.24公顷。公园上游段两岸大部分为基本农田，为生态观光体验区；中游段在城市规划区内，为城市人文景观区；下游段两岸地势平坦、河道较为开阔，为生态湿地恢复区。园内建有纳尔松河风情园、净州路广场、神舟广场、瀑布广场等景观，种植常绿树220万株，落叶乔木9.4万株，花灌木植645万株，各广场及节点内容丰富、功能齐全，是人们休闲娱乐的主要场所。'], '景区资质': ['国家3A级景区'], '景区特色': ['休闲、娱乐、湿地从您位置到霸王河']}",0,2,{'最佳游览时间': ['夏秋两季']},"{'景区位置': ['中国>内蒙古自治区>乌兰察布市>集宁区'], '到达方式': ['霸王河生态大桥站：26路集宁29路内环集宁29路外环', '市区→察哈尔西街→京银线→霸王河大桥']}",{'霸王河门票价格': ['免费']},['全天']
乌兰察布日光草原·大河湾旅游度假区,内蒙古,乌兰察布市,集宁区,"{'景区简介': ['日光草原大河湾旅游度假区是集滑雪度假、休闲运动、生态旅游、综合实践、房车宿营、温泉酒店、冬夏令营为一体的综合性四季旅游度假景区。这里隐逸在城市和乡村的边缘，周围风景暇意，绿荫环绕，充分远离城市的喧嚣，独享着不可复制的自然静谧与悠然。草原与火山并存的神奇地貌，让大河湾滑雪场拥有了独一无二的火山雪道，成为滑雪爱好者必到的胜地。'], '景点分布': ['度假区位于乌兰察布市集宁区马连渠乡师家村和白海子镇大河湾村之间，总占地面积187万平方米，除高、中、初级雪道外，还有雪地摩托、雪橇、雪飞碟等十多种冰雪娱乐项目，夏季还有花海湖泊可休闲观赏，众多的娱乐项目也不失趣味。度假区内的大河湾度假酒店设施齐全，餐饮也极具当地特色。'], '景区资质': ['国家4A级景区'], '景区特色': ['休闲、滑雪、娱乐、度假村、草原、湖泊从您位置到日光草原大河湾']}",0,0,{'最佳游览时间': ['夏冬两季']},"{'景区位置': ['中国>内蒙古自治区>乌兰察布市>集宁区'], '到达方式': ['京藏高速→二广高速→G335→二淅线→大河湾滑雪旅游度假区']}",{'日光草原大河湾门票价格': ['88元']},['全天']
红召九龙湾生态旅游区,内蒙古,乌兰察布市,卓资县,"{'景区简介': ['红召九龙湾生态旅游区以山、溪、瀑、泉而著称，享有塞外桂林的美誉。九龙湾以层层叠叠的森林为背景，以悬崖峭壁为屏障，以奇花、异草、泉水、瀑布、山溪为点缀，将大山装点得分外妖娆，原始森林和现代旅游设施的完美结合，使九龙湾成为新的旅游热点，每到夏秋季，大批游客会来这里领略大自然的风光，体验牧人的生活。'], '景点分布': ['九龙湾生态旅游区位于卓资县西北部红召乡境内，全长15公里，面积约100平方公里。旅游区内名胜景点达20多处，其中最有名的是龙泉潭，最奇特的是榆树石，最陡峭的山是青羊圈山，最神秘的洞为密汁洞，最古老的庙为召庙。随着旅游事业的不断发展，还增设了蒙古包、游泳池、餐厅、客房、小卖部等服务设施。'], '景区资质': ['国家4A级景区'], '景区特色': ['登山、探险、历史文化、宗教、峡谷、森林、河流从您位置到红召九龙湾']}",0,0,"{'旅游攻略': ['每年农历五月十三牧民们都要来神水梁取水、祭敖包。'], '最佳游览时间': ['夏秋两季'], '购物推荐': ['牛肉干、奶制品、银器、民族服装、工艺品']}","{'景区位置': ['中国>内蒙古自治区>乌兰察布市>卓资县>复兴乡'], '到达方式': ['京藏高速、京银线→S105→红召九龙湾']}",{'红召九龙湾门票价格': ['30元']},['09:00-17:00']
乌兰察布苏木山旅游区,内蒙古,乌兰察布市,兴和县,"{'景区简介': ['乌兰察布苏木山旅游区以其险峻的山势，茂密的森林，纷呈的花卉以及浓郁的民族风情而称最，是登山探险的好地方。举目四望，但见群山叠翠，雾色缥缈，犹如一幅浓淡相宜的壁画垂挂天际。轻懈送来浓浓花香，山溪泉水叮咚作响，使人如入仙境，心旷神怡，宠辱偕忘，人间一切烦情愁绪荡然无存。每当春季到来，大地复苏，这里万木吐露新绿，泉水叮咚，鸟语花香，一派全新的景象；夏季，漫山遍野一片深绿，郁郁葱葱，流水潺潺，宁静幽雅；秋季，万木成熟，果实累累，五颜六色，异彩纷呈；冬季，茫茫林海，慢慢雪原，树木伟岸挺拔，野生物出没其间。'], '景点分布': ['苏木山旅游区位于兴和县南45公里大南山深处，长达35公里，宽约25公里，平均海拔1800米。景区最高是望天涯，以人工栽植的7.5万亩松林为主色调，花松翠杉尽染群山，自成一景。山间自然资源丰富，有山杏、山榆、山柳、山樱桃、山槐、绣线茸、刺梅等20多种，各种草类30余种，食用植物有黄花、木耳、蔽菜、蘑菇等十几种。梅花鹿、抱子、灌子、野兔等十几种野生动物在林区繁衍生息，老鹰、杜鹃、百灵、半难、啄木鸟、黄鹂等二十多种飞禽穿绕林间，情趣无限。'], '景区资质': ['国家4A级景区'], '景区特色': ['登山、探险、森林从您位置到苏木山旅游区']}",0,0,"{'最佳游览时间': ['夏季'], '购物推荐': ['鹿茸、王小二大饼、苦杏仁、黑瓜籽、奶制品等。']}","{'景区位置': ['中国>内蒙古自治区>乌兰察布市>兴和县>大同夭乡>五股泉乡'], '到达方式': ['达尔登大道→X581→丰兴线→X577→景区']}",{'苏木山旅游区门票价格': ['50元']},"['6-10月08:00-17:30', '其他时间封山']"
乌兰察布市岱海,内蒙古,乌兰察布市,凉城县,"{'景区简介': ['乌兰察布市岱海是内蒙古第三大内陆湖，水面约130平方公里，呈椭圆状，有“草原天池”之美誉。岱海处在一个狭长的陷落盆地之中，南有马头山，北有蛮汉山拱卫，东西长约25公里，南北宽约20公里，湖岸线长度为61.56公里，常用湖泊面积为160平方公里，容积为988.9×l06立方米，系全区闻名的四大水产基地之一，其水源由周围20多条河流和中层地下水汇聚而成。湖滨栖息着海鸥、天鹅、鸿雁等珍稀鸟类。湖内鱼儿畅游，飞鸟掠波，帆船点点，汽艇嘟嘟，机船隆隆，犹如技艺超群的丹青用浓墨重彩描绘的绝妙风景图。'], '景点分布': ['古往今来，岱海吸引着无数游人。历代达官贵人，文人墨客前来观赏其”鸿鹜成群，风涛大作，浪高丈余，若林立，若云重”的自然美景。湖的四周滩川广阔，林木茂盛。北面有一个温泉，为重碳酸钠型弱矿化热水，地表水温３８摄氏度，水中含有锶、锂、锌、硒等十七种对人体有益的微量元素，对治疗多种疾病有显效。在温泉以北的山中，有一睡佛，近看是山，远看是佛，眼、耳、鼻极为形象。区内还有距今5000年之久的塞外北国龙山早期文化，老虎山石城遗址和园子沟窑洞遗址，两条百公里长城—秦汉古长城和明清新长城。'], '景区资质': ['国家4A级景区'], '景区特色': ['摄影、休闲度假、自然景观游、户外拓展、拓展基地、度假山庄、高山、湖泊从您位置到岱海']}",113,128,{'最佳游览时间': ['夏、秋两季。']},"{'景区位置': ['中国>内蒙古自治区>乌兰察布市>凉城县>鸿茅镇>岱海镇'], '到达方式': ['在呼市南站坐车，有去岱海电厂的，还可以坐去丰镇的车，路过岱海旅游区，也可以坐去凉城', '的车。金桥开发区在南二环，坐五路可以去，是岱海的必经路。']}","{'岱海门票价格': ['票价55元。', '儿童：身高1.2米以下，免费', '老人：70岁以上的老人持老年证，免费', '学生：身高1.2米以上的学生持学生证，优惠票', '残疾人：持残疾证（1—4级），免费', '军人：现役军官持军官证，优惠票']}",['8:30—18:30']
乌兰察布市辉腾锡勒草原,内蒙古,乌兰察布市,察哈尔右翼中旗,"{'景区简介': ['辉腾锡勒，蒙古语意为“寒冷的高原”，草原地处乌盟察右中旗中南部，距呼和浩特135公里，是典型的高山草甸草原。海拔1800多米，东西长100公里。草原上湖泊星罗棋布，共有99个天然湖泊，点缀在碧绿无垠的原野上。这里既有牧区草原苍茫雄浑的格调，又有江南水乡明媚清秀的色彩，青山秀水，瑰丽多姿。每年五月至九月，草原上繁花似锦，成为一片浩瀚的花海。'], '景点分布': ['辉腾锡勒草原景区主要分神葱沟和黄花滩两大去处，共有15大景观。美丽图沟有座天然洞府，山洞离地面垂直高度100多米，洞内可容纳近百人。怪石嶙峋的黑山上，有大小岩洞99个，最大可容纳200-300人。辉腾锡勒草原的活动项目有：骑马、乘驼、射箭、射击；参观蒙古式摔跤，登敖包山，到牧民家作客，品尝民族风味的奶食和奶茶、吃手扒肉、喝马奶酒等。'], '景区资质': ['国家3A级景区、省级名胜景区'], '景区特色': ['摄影、徒步、草原景观游、民俗风情游、草原从您位置到辉腾锡勒草原']}",222,538,"{'最佳游览时间': ['春、夏季是最佳旅游时间。'], '购物推荐': ['(当地特产)鸿茅酒、乌兰察布荞麦、莜麦、蒙古刀、马铃薯。', '(特色美食)豆面饸饹、荞面饸饹、卓资山熏鸡、沙葱包子。']}","{'景区位置': ['中国>内蒙古自治区>乌兰察布市>察哈尔右翼中旗>土城子乡>辉腾锡勒园区'], '到达方式': ['(包车)在乌兰察布市察右中旗（简称乌中旗）包车前往。', '(汽车)乌兰察布市内有旅游专线车直达，车程约2小时。', '(自驾车)从呼和浩特到辉腾锡勒草原共135公里，约3个小时车程。']}",{'辉腾锡勒草原门票价格': ['票价5元。']},['8:00-18:00']
内蒙古辉腾锡勒铁骑旅游中心,内蒙古,乌兰察布市,察哈尔右翼中旗,"{'景区简介': ['内蒙古辉腾锡勒铁骑旅游中心，位于乌盟中南部辉腾锡勒草原上，距呼市93公里，占地面积1000亩。辉腾锡勒草原蒙语意为“寒冷的草原”，海拔1800多米。从呼和浩特乘车需要3.5小时，这里有大大小小九十九个天然湖泊，镶嵌在碧绿如茵的草原上，向西约2.5公里处有一黄花沟，漫山遍野的小黄花，高耸的峭壁悬崖和清泉小瀑布，既有草原找苍茫雄浑的格调，又有江南水张明媚清秀的色彩，甚为壮观。'], '景点分布': ['铁骑旅游中心目前已建设项目有：大、中、小型蒙古包，一次可接待游客400人。另外，铁骑旅游中心，背靠雄伟壮丽的内蒙古风力发电机群，形成了独具特色的蒙古族风味的现代化草原旅游区，距草原旅游风景区黄花沟仅7公里。'], '景区资质': ['国家2A级景区'], '景区特色': ['摄影、草原风情游、草原从您位置到铁骑草原']}",142,230,"{'最佳游览时间': ['夏秋季节。'], '购物推荐': ['特色美食：烤全羊、整羊背子、手扒羊肉、烤羊腿、涮羊肉、羊血汤、羊杂碎、手扒羊肉、', '鲜奶、酸奶、奶酒、奶皮子、奶酪、奶茶。']}","{'景区位置': ['中国>内蒙古自治区>乌兰察布市>察哈尔右翼中旗>土城子乡>辉腾锡勒园区'], '到达方式': ['从乌兰察布市察右中旗（简称乌中旗），包车去辉腾希勒草原。']}",{},['8：00—17:30']
乌兰察布市辉腾锡勒外事旅游中心,内蒙古,乌兰察布市,察哈尔右翼中旗,"{'景区简介': ['乌兰察布市辉腾锡勒外事旅游中心拥有独特的草原风光和良好的区位条件，坐落在察哈尔右翼中旗境内的辉腾锡勒草原上，距北京430公里，距呼市120公里，距集宁80公里。辉腾锡勒蒙语意为“寒冷的高原”。它位于阴山山脉东段，海拔2100多米，顶部平坦，面积180多平方公里，辉腾锡勒草原冬季寒冷，夏季凉爽，平均最高温度18摄氏度。'], '景点分布': ['目前，旅游接待中心日接待能力500多人次，住宿400多人次。主要旅游建筑设施有民族风情特色的传统蒙古包30顶，战车包21顶，12扇哈那大接待包1顶，8扇哈那中型蒙古包2顶，同时容纳130人和150人就餐大型蒙古包式砖混大型餐厅各一座，新改扩建中的游客多功能厅同时容纳300人就餐和观赏文艺演出，有现代卫生设施的豪华蒙古包68座，装修豪华的桑拿，淋浴及烧烤城一处，具备接待大型旅游团体、会议条件，主要游览活动项目有展示蒙古族民俗风情的赛马、摔跤、射箭、祭敖包，访问牧民家，骑马、乘驼、坐勒勒车、游草原、观日出、望繁星、马队迎送、银碗敬酒献哈达、民族风情的篝火晚会等。'], '景区资质': ['国家3A级景区'], '景区特色': ['摄影、草原游、休闲度假、草原从您位置到辉腾锡勒草原']}",60,104,"{'最佳游览时间': ['夏、秋季节。'], '购物推荐': ['特色美食：炒米、奶茶、手把肉、烤羊腿、烤全羊、奶酪、奶皮子、奶豆腐、马奶酒。']}","{'景区位置': ['中国>内蒙古自治区>乌兰察布市>察哈尔右翼中旗>土城子乡>辉腾锡勒园区'], '到达方式': ['京包(北京至包头)铁路横贯中部，集二(集宁至二连浩特)铁路是通往蒙古、苏联的重要干线。', '公路以集宁市为中心，四通八达。']}",{},['全天开放。']
乌兰察布市灰腾梁自然风景区,内蒙古,乌兰察布市,察哈尔右翼中旗,"{'景区简介': ['乌兰察布市灰腾梁自然风景区是内蒙古自治区一处著名的高原避暑胜地，这里水草丰美，气候宜人，是天然的优质牧场。灰腾梁地广人稀，自然资源丰富，有多种天然林和矿产资源分布其中。近年来景区被辟为旅游点，数十座蒙古包扇形排列分布，作住宿和饮宴之用，洋溢着浓郁的草原风情。'], '景点分布': ['灰腾梁层峦叠嶂，湖泊众多，有“九十九泉”的美誉。景区内建有众多风力发电厂，巨型的白色风车与圆形蒙古包相映成趣，将辉腾锡勒草原装点的如梦似幻。游客在这里可以乘快马尽情驰骋于无尽草原，体验灰腾梁的无边魅力。'], '景区资质': ['国家3A级景区'], '景区特色': ['避暑、观光、摄影、蒙古包、发电厂、草原、山川、湖泊从您位置到灰腾梁']}",49,79,"{'旅游攻略': ['1.灰腾梁地区夏季日照强烈，游客应做好防晒措施。', '2.景区昼夜温差大，即使是白天也比较凉爽，游客应多准备几件衣服。'], '最佳游览时间': ['灰腾梁春秋两季沙尘强烈，冬季酷寒，夏季为最佳游览季节。']}","{'景区位置': ['中国>内蒙古自治区>乌兰察布市>察哈尔右翼中旗>土城子乡>辉腾锡勒园区'], '到达方式': ['自驾线路：从呼和浩特出发，走京藏高速（北京方向），行车约70公里在卓资山出口下高速，顺行穿过县城向东顺路走，约20公里即可到达辉腾锡勒草原。']}",{},['全天。']
乌兰察布市阿贵庙,内蒙古,乌兰察布市,察哈尔右翼后旗,"{'景区简介': ['乌兰察布市阿贵庙是内蒙古地区红教喇嘛的唯一寺庙，建于清德宗光绪三年（1877年），藏名为“拉西任布·嘎定林阿贵”，清朝改为“宗乘寺”，蒙古语意为有山洞的庙。该寺占地1500亩，为典型藏式建筑，顺山势建成大雄宝殿及陪殿，共981间。阿贵庙奉其创始人印度僧莲花生为祖师。阿贵庙位于蹬口县沙金套海苏木境内的狼山山脉中，坐落在汉代古城鸡鹿塞西边的沟内。'], '景点分布': ['阿贵庙依山临隔水而建。山上青蛮迭翠，清溪泻玉；寺前清流缘漪，碧波荡漾；周围山花缤纷，芳香醉人，绿树成荫，百鸟和鸣，一派天然风水宝地。它以其宏伟壮丽的建筑，美好的传说和仙境般的自然地理环境，吸引了无数宗教僧侣、游人和考古学者。'], '景区资质': ['国家2A级景区'], '景区特色': ['摄影、宗教文化游、寺庙从您位置到阿贵庙']}",23,71,{'最佳游览时间': ['每年的5→9月为最佳出行时间。']},"{'景区位置': ['中国>内蒙古自治区>乌兰察布市>察哈尔右翼后旗>大六号镇'], '到达方式': ['乌兰察布市内有到达阿贵庙景区的旅游专线。']}",{'阿贵庙门票价格': ['票价10元。']},['8:30—17:30']
内蒙古格根塔拉草原旅游中心,内蒙古,乌兰察布市,四子王旗,"{'景区简介': ['格根塔拉草原旅游中心是国家旅游局确定的16条旅游专线之一，规模最大的蒙古族民族风情旅游景点。它位于阴山北麓的杜尔伯特(四子王旗)草原上，乌兰察布大草原的腹地，距自治区首府呼和浩特128公里，有柏油马路相通。'], '景点分布': ['格根塔拉草原基础设施完善，除传统的蒙古包外，还兴建了具有现代卫生设施的豪华蒙古包，并开展了骑马、骑自行车、汽车越野、徒步等专项旅游。夏秋之季，绿草如茵，牛羊肥壮，气候凉爽幽静宜人。游客可以在草原上驰骋，在篝火下边品尝美食边欣赏热情的蒙古歌舞，还可以仰望星空，感受草原天空的广褒。每年八月举办的那达慕，内容之丰富，风情之独特，更加使人流连忘返。'], '景区资质': ['国家4A级景区'], '景区特色': ['草原观光、骑马、篝火娱乐、越野赛车、休闲度假、草原从您位置到格根塔拉']}",483,338,"{'旅游攻略': ['每年七月二十五日――三十一日举办的那达慕草原旅游节集蒙古民族文艺、体育、生产生活习俗之大全，赛马、摔跤、射箭，风情独特，使游客流连忘返。'], '最佳游览时间': ['夏秋季节'], '购物推荐': ['（购物）牛肉干、马奶酒、皮绒制品、毛绣、马头琴、蒙古碗、鼻烟壶、牛角梳等。', '（美食）牛羊肉、马奶酒、奶豆腐、酸奶、奶酪、炒米、油炸糕、荞面饸饹等。']}","{'景区位置': ['中国>内蒙古自治区>乌兰察布市>四子王旗>大黑河乡>巴音敖包苏木>乌兰牧场'], '到达方式': ['到呼和浩特后经过武川、乌兰花(四子王旗旗政府所在地)到葛根塔拉。可乘“呼和浩特”开往“二连浩特”的大巴路过“葛根塔拉”，也可乘“呼和浩特”开往“乌兰花”的大巴，然后很方便地转车到“葛根塔拉”。呼和浩特火车站等地的各长途汽车站有上述车辆。', '内部交通：骑马、乘骆驼、坐勒勒车等。']}",{'格根塔拉门票价格': ['10元/人']},['08：00－18：00']
兴安盟成吉思汗庙,内蒙古,兴安盟,乌兰浩特市,"{'景区简介': ['兴安盟成吉思汗庙是世界上唯一一座纪念成吉思汗的祠庙，坐落在内蒙古自治区兴安盟乌兰浩特市的罕山上。它三面环山，一边傍水，四周布满松柏，翠绿的洮儿河像一条缎带缠绕在它的脚下。成吉思汗庙融蒙、汉、藏三个民族的建筑风格于一体，采取古代汉族建筑中惯用的中轴对称布局手法，建筑主体圆顶方身，绿帽白墙，具有典型的蒙、藏建筑特色。'], '景点分布': ['该庙始建于1940年5月，1944年10月落成，总面积6．8万。庙堂坐北朝南，下方上圆，庙殿呈‘山’字型轮廓，中间是高2.8m的正殿，东西两侧是高16.62的偏殿，建筑面积322m，建筑上体圆顶方身、中轴对称。殿内用图文结合的方式展示了成吉思汗戎马一生，开拓华夏疆域的丰功伟绩。'], '景区资质': ['国家3A级景区'], '景区特色': ['摄影、徒步、历史文化游、建筑景观游、自然景观游、庙宇、古代建筑、山川、河流从您位置到成吉思汗庙']}",96,301,"{'最佳游览时间': ['夏季最佳。此时草原风光正美，且气候适宜。'], '购物推荐': ['(当地特产)莜麦片、奶酪、蒙古族铜器、蒙古刀、阿尔山黑木耳、黑瓜子、太和小米、', '木灵芝、松茸、苦杏仁。', '(特色美食)烤羊腿、烤猪方、红烧牛头、拔丝奶豆腐、白扒猴头蘑、汆飞龙汤、草原', '八珍、葱烧蹄筋、炸羊尾、涮羊肉、手把肉、烧罕鼻、全鱼宴、烤全羊。']}","{'景区位置': ['中国>内蒙古自治区>兴安盟>乌兰浩特市>城郊街道>新城街道>葛根庙镇>太本站镇>义勒力特镇>呼和马场>乌兰浩特经济技术开发区>兴安盟经济技术开发区>兴安街道'], '到达方式': ['(徒步)出火车站左拐，沿兴安北路直行约2公里左右，上坡即到公园门口。', '(打车)从火车站坐蹦蹦车4元左右可到；从乌兰浩特城区任何地方打车到景区只需5元左右。', '(公交)景区在乌兰浩特市的北山公园内，从汽车站或火车站均可乘坐1、2路公交车抵达。']}",{'成吉思汗庙门票价格': ['票价40元。']},['8：00－17：00']
内蒙古兴安博物馆,内蒙古,兴安盟,乌兰浩特市,"{'景区简介': ['内蒙古兴安博物馆是兴安盟第一个大型综合性现代化博物馆，馆藏琳琅满目、精品荟萃馆，馆舍气势雄浑庄重，融民族传统、地方特色和时代精神于一体。博物馆内文物多达1200余件，上起远古人类初始阶段使用的简单石器，下至1840年前社会生活中的各类器物，时间跨度长达一百多万年。文物不仅数量多、种类全，而且品位高、价值广，其中的商周青铜器精美绝伦，鲜卑墓葬举世无双，辽代马具独步全国，石佛雕像千姿百态。从多角度、多侧面向广大观众揭示历史文物的丰富文化内涵，展现大兴安岭文化带上各民族博大精深的文明成就。'], '景点分布': ['兴安博物馆坐落在新桥东街洮儿河南路，建筑面积14000平方米。博物馆由历史文物展厅和石佛造像展厅两个主展厅组成，其中历史文物展厅又分为氏族先民——开拓兴安的林海猎神、东胡族——雄踞兴安的塞上霸主、鲜卑族——崛起兴安的草原王朝、契丹族——威峙兴安的高原铁骑、蒙古族——发轫兴安的大漠天骄，北方各族——誓守兴安的北疆石柱以及中心展区和互动展区。'], '景区特色': ['休闲、观光、访古、历史文化、博物馆从您位置到兴安盟博物馆']}",17,45,{'最佳游览时间': ['四季皆宜']},"{'景区位置': ['中国>内蒙古自治区>兴安盟>乌兰浩特市>城郊街道>新城街道>葛根庙镇>太本站镇>义勒力特镇>呼和马场>乌兰浩特经济技术开发区>兴安盟经济技术开发区'], '到达方式': ['自驾路线：G111、G302、S203至兴安盟，转入巴乌线、矿泉东街即可。']}",{'兴安盟博物馆门票价格': ['免费']},['09：00—16:30（16:00停止观众入场），每周一闭馆维护。']
内蒙古民族解放纪念馆,内蒙古,兴安盟,乌兰浩特市,"{'景区简介': ['内蒙古民族解放纪念馆因纪念内蒙古自治区成立六十周年而兴建，既是新中国成立后少数民族地区兴建的第一座全程反映民族区域自治的纪念性展馆，又是内蒙古第一座民族解放纪念馆。纪念馆以没有中国共产党的领导就没有内蒙古的民族解放；没有内蒙古的民族解放就没有内蒙古区域自治的60年为主题，通过图片、文物、场景造型以及声、光、电等各种艺术和技术表现手段，充分展示了内蒙古民族解放和区域自治60年历程以及民族、文化和区域的特点。'], '景点分布': ['内蒙古民族解放纪念馆坐落在矿泉街东端路北侧，占地面积约3万平方米。纪念馆由序厅、主展厅和英烈厅组成；序厅内有“天降骑兵”主题雕塑；主展厅由震撼的春雷、抗日的烽火、胜利的曙光、永远的丰碑四个部分组成；英烈厅设革命先驱、还我河山、为了新中国、英雄的铁骑兵四个单元。展厅内有文物总藏量1460件（幅、支、辆、台）、大型场景造型15处。馆前广场上陈列有歼6战斗机、T62坦克、榴弹炮、100毫米高射炮、巡逻艇等大型军事武器。'], '景区资质': ['国家3A级景区'], '景区特色': ['休闲、参观、历史文化、博物馆']}",14,25,"{'最佳游览时间': ['四季皆宜'], '购物推荐': ['相关书籍、光盘等。']}","{'景区位置': ['中国>内蒙古自治区>兴安盟>乌兰浩特市>城郊街道>新城街道>葛根庙镇>太本站镇>义勒力特镇>呼和马场>乌兰浩特经济技术开发区>兴安盟经济技术开发区'], '到达方式': ['乘车路线：乘坐火车至乌兰浩特站，换乘公交前往。', '自驾路线：京藏高速公路→G303至乌兰浩特，沿兴安北路→五一北、南路→巴乌线行驶即可。']}",{'解放纪念馆门票价格': ['免费']},"['星期二至星期五：09：00—11：00，14：30—16：30；星期四下午闭馆。', '星期六、星期日：10：00—16：00']"
乌兰浩特乌兰夫办公旧址,内蒙古,兴安盟,乌兰浩特市,"{'景区简介': ['乌兰夫办公旧址是老一辈无产阶级革命家乌兰夫同志工作过的地方，这座普普通通的房舍，不仅是内蒙古自治区诞生前后的历史见证，更是内蒙古人民走向自由与光明的指挥中心。1947年2月至1949年11月，乌兰夫奉中共中央东北局之命来到王爷庙后，就在这栋房子里办公。就是在这栋房子里，乌兰夫和他的战友们运筹帷幄，掀开了内蒙古崭新历史的第一页，绘制出了自治区建设与发展的第一张蓝图。走进旧址，简单的陈列让人深切地感受到当年环境的艰苦和乌兰夫生活的简朴，敬佩之意油然而生。'], '景点分布': ['乌兰夫办公旧址位于市区兴安路北段东侧，占地面积1000平方米，建筑面积402.91平方米。建筑为青砖灰瓦结构，屋顶起脊式飞檐，平面呈正方形，中轴线上依次为踏步台阶、门厅，入门左侧为走廊、办公室、起居室，右侧为会议室。室内陈列有起居用品、手摇电话机、笔筒、砚台、文件、木制转椅、内蒙古自治政府旗等。'], '景区特色': ['休闲、历史文化、旧址从您位置到乌兰夫办公旧址']}",0,16,{'最佳游览时间': ['四季皆宜']},"{'景区位置': ['中国>内蒙古自治区>兴安盟>乌兰浩特市>城郊街道>新城街道>葛根庙镇>太本站镇>义勒力特镇>呼和马场>乌兰浩特经济技术开发区>兴安盟经济技术开发区'], '到达方式': ['乌兰浩特火车站乘坐20路，乌兰夫办公旧址站']}",{'乌兰夫办公旧址门票价格': ['免费']},"['周二至周日09:00-16:30', '周一闭馆']"
乌兰浩特天骄天骏生态旅游度假区,内蒙古,兴安盟,乌兰浩特市,"{'景区简介': ['天骄天骏生态旅游度假区以成吉思汗传说、蒙古战马形象与蒙元文化创意体验为主，拥有全世界最长的全铝结构人行景观桥。这里不仅有一望无际的大草原，还有森林、湖泊、山脉等多种生态景观，并且融入休闲度假、创意体验、生态观光、科普教育、文化演艺、运动康养等功能，打造生态旅游度假区，成为乌兰浩特市旅游新地标和城市新名片，也是蒙东地区及乌阿海满旅游圈的生态旅游新支点。'], '景点分布': ['度假区位于内蒙古乌兰浩特市中心正北侧5公里处，总占地面积180公顷，规划分为天骏花田区、运动康养区、自然休闲区—兴安岭植物园、文化创意区四大功能板块，有以天骏廊桥、云花溪谷、格桑花海、云影台、名马园、火车驿站、游龙滩等景观，以及云马漂流、七彩滑道、天骄马车、军事拓展、VR科技体验馆、呐喊喷泉、矿坑影院等娱乐项目，于花、草、石、水之间充分体验自然生态之美。'], '景区资质': ['国家4A级景区'], '景区特色': ['休闲、自驾、娱乐、赏花、摄影、草原、花卉从您位置到天骄天骏度假区']}",0,0,{'最佳游览时间': ['夏秋两季']},"{'景区位置': ['中国>内蒙古自治区>兴安盟>乌兰浩特市>城郊街道>新城街道>葛根庙镇>太本站镇>义勒力特镇>呼和马场>乌兰浩特经济技术开发区>兴安盟经济技术开发区'], '到达方式': ['海张高速→G207→阿力得尔-霍林郭勒一级路→G302→S203→天骄天骏生态旅游度假区']}","{'天骄天骏度假区门票价格': ['旺季门票：30元/人（6月1日-10月15日）', '淡季门票：20元/人（4月10日-5月31日10月16-12月31）', '儿童：身高1.2米（含）以下，免费']}",['08:30-19:00']
阿尔山温泉旅游度假区,内蒙古,兴安盟,阿尔山市,"{'景区简介': ['阿尔山温泉是世界上第二大矿泉群，是我国著名的矿泉疗养胜地。温泉位于长500米、宽70米的狭长地带上，分布着冷、温、热、高热等48眼矿泉。其中冷泉只有1度，而高热泉却能达到沸腾的状态。咫尺之间，温度各异，为举世罕见。', '蒙语“阿尔山”意为“圣水”，有四十二个泉眼，泉区方圆仅1平方千米。各泉水温差别明显，所含化学成分各不相同，可分别治疗几十种慢性病，特别是对风湿性关节炎、增生性关节炎、类风湿、牛皮癣等疾病有特殊疗效。'], '景点分布': ['阿尔山温泉分为南北两个泉群，其中南为冷泉群，主要是放射性氡泉和偏硅酸泉；北为低温泉、温泉、热泉和高热泉相间的温泉群，主要是重碳酸钠泉、放射性氡泉、偏硅酸泉等。由于阿尔山地理结构独特，温泉水中含有大量矿物质和宝贵微量元素，使泉水具有较高的医疗保健价值，对关节炎、牛皮癣、慢性湿疹、心血管系统、神经系统等疾病有着良好的治疗效果。'], '景区资质': ['国家4A级景区、国家地质公园'], '景区特色': ['温泉、度假、度假村从您位置到阿尔山温泉']}",814,759,"{'最佳游览时间': ['四季皆宜。'], '购物推荐': ['苦杏仁、王小二大饼、鹿茸等。']}","{'景区位置': ['中国>内蒙古自治区>兴安盟>阿尔山市>伊尔施街道>明水河镇'], '到达方式': ['阿尔山隶属于内蒙古自治区兴安盟，横跨大兴安岭西南山麓，市内有到阿尔山镇的中巴。阿尔山的景点，一天包车的价钱最低为180元。', '全盟有11个长途汽车站，有多趟通往省外和区内的车次。']}","{'阿尔山温泉门票价格': ['露天温泉80元/位，1.3米以下儿童半价；', '豪华室内温泉150元/小时(加时50元/小时)；']}",['7：00-21：00']
阿尔山柴河旅游景区,内蒙古,兴安盟,阿尔山市,"{'景区简介': ['阿尔山市柴河旅游景区是内蒙古东部旅游的精华之地，这里群山环翠、奇峰竞秀、怪石嶙峋、古树参天。景区内拥有1153种主要植物、350多种野生动物罕见的7座火山天池群、9大堰塞湖、70多眼温泉，均属国内外同一景区所稀有，堪称林瀚、草丰、石绝、池奇、泉神、湖秀、雪美、水碧。'], '景点分布': ['辖阿尔山国家森林公园、好森沟国家森林公园、阿尔山国家地质公园、扎兰屯（柴河）国家重点风景名胜区及阿尔山自然博物馆、阿尔山国家地质博物馆和玫瑰峰景点及玫瑰庄园、兴安度假村两个酒店。景区风光秀丽、物华天宝，一步一景、景景生辉，十步一画、画画传情。'], '景区资质': ['国家5A级景区、国家森林公园、国家地质公园'], '景区特色': ['生态观光游、温泉健身游、边境风情游、火山科考游、避暑度假游、金秋摄影游、冰雪运动游、民俗风情游等、原始森林、火山遗迹、温泉矿泉、高山湿地、河流湖泊、峡谷奇峰、冰雪运动、民俗文化、边境口岸']}",521,551,"{'旅游攻略': ['阿尔山特色美食：哲罗鱼60元/斤、天池鲫鱼、兴安柳根鱼、蕨菜、蚂蚁炒鸡蛋、黄蘑顿笨鸡、干炸紫花脸（蘑菇）当地牛、羊肉'], '游览路线': ['阿尔山市区－五里泉－伊尔施镇－金江沟温泉－国家森林公园－天池－乌苏浪子湖－仙女池－金池→银池－三潭峡－石塘林－松叶湖－仙鹤湖－鹿鸣湖－月亮池－杜鹃湖太平岭－驼峰岭天池'], '最佳游览时间': ['每年5月初～9月末'], '购物推荐': ['刺玫果、金莲花蘑菇、蚂蚁、灵芝、猴腿、木耳、猴头等。']}","{'景区位置': ['中国>内蒙古自治区>兴安盟>阿尔山市>伊尔施街道>明水河镇>天池镇'], '到达方式': ['阿尔山市内乘坐旅游巴士可达']}","{'柴河门票价格': ['阿尔山景区免费', '白狼景区免费', '阿尔山国家森林公园180元/人', '好森沟景区25元/人', '玫瑰峰20元/人', '呼伦贝尔草原景区免费', '中蒙口岸景区免费', '金江沟温泉68元/人', '银江沟温泉68元/人', '阿尔山自然博物馆：28元/人']}",['全天']
兴安盟阿尔山国家森林公园,内蒙古,兴安盟,阿尔山市,"{'景区简介': ['兴安盟阿尔山国家森林公园以浩瀚的大兴安岭林海、火山熔岩喷发所形成的截头锥火山及火山天池为特色，犹如镶嵌在莽莽群山中一颗闪亮的明珠。公园内河流蜿蜒，湖泊星罗棋布，森林茂密，林壑幽深。植被类型属寒温带针阔混交林，野生植物资源非常丰富，生活着驼鹿、马鹿、狍子、水獭等5目12科30余种动物和松鸡、榛鸡、啄木鸟等60余种飞禽。景区内松柏苍苍，流水潺潺，芳草青青，山花烂漫，奇松怪石，鸟语花香，是天然的旅游、猎奇、避暑、休闲的好去处。'], '景点分布': ['阿尔山国家森林公园内的自然景观有天池、石塘林、杜鹃湖、玫瑰峰、樟松岭、哈拉哈河、冰雪及草原风光；人文景观有旧机场、火车站、日伪工事及战争遗址、边境口岸等。'], '景区资质': ['国家2A级景区'], '景区特色': ['摄影、登山、避暑、森林、湖泊、火山从您位置到阿尔山森林公园']}",51,348,"{'最佳游览时间': ['6、7月份。'], '购物推荐': ['当地特产：蘑菇、灵芝、蚂蚁、猴腿、木耳、猴头、天池鲫鱼、兴安小柳根鱼、哲罗鱼。', '特色美食：蒙古馅饼、王小二大饼、荞麦挂面、吐古拉汤。']}","{'景区位置': ['中国>内蒙古自治区>兴安盟>阿尔山市>伊尔施街道>明水河镇'], '到达方式': ['火车：每日有两班火车从乌兰浩特发往阿尔山市，车费约60元。', '汽车：乌兰浩特至阿尔山市每天有4－6班公路大巴，车费约50元。', '自驾：阿尔山市与乌兰浩特距离254公里，驾车2－3小时；距海拉尔350公里驾车3－4小时。', '包车：阿尔山森林公园距市区五十多公里，包车游玩的参考价位约为150－300元/天。']}","{'阿尔山森林公园门票价格': ['门票：旺季180元，淡季150元。', '停车费：25元/车。']}",['8:00-17:00']
内蒙古阿尔山滑雪场,内蒙古,兴安盟,阿尔山市,"{'景区简介': ['阿尔山滑雪场是目前内蒙古自治区唯一一家集滑雪比赛、滑雪训练和大众娱乐为一体的大型多功能滑雪场，为国家滑雪队的训练场地。该场地处蒙古高原湿润区，冰雪资源丰富，雪质上乘，是冬季滑雪运动的最佳去处。冬季来到阿尔山，既可欣赏雪原风光、又可享受戏雪之乐，一流的国际赛道和丰富的滑雪设施吸引着越来越多的游客纷至沓来。'], '景点分布': ['阿尔山滑雪场由西山自由式滑雪比赛训练场和东山高山滑雪娱乐场两大部分组成。西山自由式滑雪场按照国际比赛标准修建，以越野滑雪为主体，同时兼有跳台滑雪、自由式滑雪、滑雪定向等项目；东山高山滑雪场内设有初中级雪道、灯光滑雪道、少儿滑雪道、双人吊椅索道、雪圈道和雪橇道等。除滑雪外，场内还建有雪地摩托场和雪上飞碟场，以满足游客的各类娱乐需求。'], '景区特色': ['滑雪、摄影、避暑、训练、滑雪场、名山、森林从您位置到阿尔山滑雪场']}",13,23,"{'旅游攻略': ['1.初学者在滑雪时，应注意与他人保持一定距离，以免碰撞受伤。', '2.热身运动应在换好滑雪装备后进行。', '3.滑雪人员较多时应调节好速度，避免与他人的碰撞。'], '最佳游览时间': ['冬季。']}","{'景区位置': ['中国>内蒙古自治区>兴安盟>阿尔山市>伊尔施街道>明水河镇'], '到达方式': ['航班：每周一三五日北京至乌兰浩特HU891/2和HU815/6航班可达', '', '火车：', '（北京出发）乘坐2189次列车到达乌兰浩特，再转乘大巴到达阿尔山', '（长春出发）乘坐K955次列车到达乌兰浩特，再转乘大巴到达阿尔山', '（哈尔滨出发）乘坐2155次列车到达乌兰浩特，再转乘大巴到达阿尔山', '', '自驾：', '（北京出发）京藏高速-张石高速-G207-S101-S303-终点', '（哈尔滨出发）绥满高速公路-G301-S305-大广高速-珲乌高速公路-G302-S203-终点']}","{'阿尔山滑雪场门票价格': ['平日票：2小时80元；4小时120元；全天150元。', '假日票：2小时100元；4小时150元；全天180元。']}",{}
兴安盟万豪蒙古大营,内蒙古,兴安盟,科尔沁右翼前旗,"{'景区简介': ['万豪蒙古大营距乌兰浩特市40公里处，总面积10平方公里，是集避暑、度假、旅游为一体的具有蒙古民族风情的旅游村，每年有成千上万的旅客到这里观光旅游。地处内蒙古兴安盟科右前旗察尔森镇境内。'], '景点分布': ['这里设有蒙古民族风情的骑马、射箭、狩猎、钓鱼、划船等娱乐项目。餐饮部备有蒙古族万豪蒙古大营风味的烤全羊、手把羊肉、全羊宴、各种炒菜等菜肴。来这里不仅可以领略到科尔沁草原的美丽风光，还可以品尝到蒙古族奶茶、哈达银碗酒、上马酒、下马酒，以及欣赏具有蒙古民族特色的优美歌舞。'], '景区资质': ['国家3A级景区'], '景区特色': ['度假、休闲、民俗风情游、草原景观游、旅游村、草原从您位置到蒙古大营']}",146,98,"{'最佳游览时间': ['夏、秋季节。'], '购物推荐': ['(当地特产)蘑菇、猴头、熊胆、蕨菜、猪鬃、马尾、京式剪绒帽、。', '(特色美食)吊炉饼、天池鲫鱼、兴安柳根鱼、蚂蚁炒鸡蛋、黄蘑炖笨鸡、干炸紫花脸（蘑菇）。']}","{'景区位置': ['中国>内蒙古自治区>兴安盟>科尔沁右翼前旗>察尔森镇>科右前旗现代农牧业园区>科右前旗工业园区>绿水种畜场>公主陵牧场>阿力得尔牧场>索伦牧场>跃进马场>桃合木苏木>巴日嘎斯台乡>俄体镇>居力很镇'], '到达方式': ['市内交通便利，有到达景区的车辆。']}",{'蒙古大营门票价格': ['票价10元。']},['8:00-17:30']
兴安蒙古包旅游村,内蒙古,兴安盟,科尔沁右翼前旗,"{'景区简介': ['兴安蒙古包旅游村是集避署、度假、旅游为一体的具有蒙古民族风情的旅游村，位于内蒙古兴安盟科右前旗察尔森镇境内，距乌兰浩特市四十公里处，总面积十平方公里。这里有得天独厚的自然景色。每年有成千上万的旅客到这里观光旅游，也是了解兴安盟政治经济文化的窗口。'], '景点分布': ['旅游村特设有蒙古民族风情的骑马、射箭、狩猎、钓鱼、划船等娱乐项目。来到这里不仅可以领略到科尔沁草原的美丽风光。还可以品尝到蒙古族奶茶、哈达银碗酒、上马酒、下马酒，还可以欣赏到具有蒙古民族特色的优美歌舞。'], '景区资质': ['国家2A级景区'], '景区特色': ['摄影、草原游、民俗风情游、旅游村、草原从您位置到蒙古包旅游村']}",52,73,{'最佳游览时间': ['夏季。']},"{'景区位置': ['中国>内蒙古自治区>兴安盟>科尔沁右翼前旗>察尔森镇>科右前旗现代农牧业园区>科右前旗工业园区>绿水种畜场>公主陵牧场>阿力得尔牧场>索伦牧场>跃进马场>桃合木苏木>巴日嘎斯台乡>俄体镇>居力很镇'], '到达方式': ['市内有直达景区的公交车。', '兴安蒙古包旅游村兴安蒙古包旅游乘当地旅游专线小巴可达。']}",{'蒙古包旅游村门票价格': ['票价30元。']},{}
兴安盟科右中旗翰嘎利湖,内蒙古,兴安盟,科尔沁右翼中旗,"{'景区简介': ['兴安盟科右中旗翰嘎利湖是一个集灌溉、养殖、旅游观光为一体的综合性生态旅游区。这里既有风格独特的北国草原风情，又有着南国海滨沙滩阳光浴场的特色。山水相连，风景优美。山上树木茂盛，郁郁葱葱，有世界上稀有的蒙古黄榆、五角枫、桑树、杨树等树木。湖区边缘和山岗连接的地方布满了高大的柳树，小溪流淌的中上游草地就像绣上花的毡子一般，绿茸茸的青草地上绽放着五颜六色的鲜花，在湖岸漫步全身特别清爽，格外舒畅。'], '景点分布': ['翰嘎利湖旅游业资源得天独厚，霍林河水冲来了科尔沁沙地优质流沙，在湖区四周形成了优质松软的“金沙滩”，是一处难得的天然沙滩阳光浴场。无污染的水质滋养着“绿色”的鱼产品。翰嘎利湖区内自然生态保存良好，曾栖息着各种珍贵的野生动物，有猞猁、狐狸、狼、野兔、山鸡以及丹顶鹤、白枕鹤、灰鹤、白鹳等珍禽，还有大鸨、雁鸭等众多野生鸟类。湖区周围遍布着具有浓郁特色的“蒙古包”、“渔村”、“水上餐厅”。冬季这里是一处偌大的天然滑冰场，已成为北国草原一处独具渔米之乡景色、民族草原特色的旅游胜地。'], '景区资质': ['国家4A级景区'], '景区特色': ['摄影、度假、休闲娱乐、蒙古包、水上餐厅、湖泊从您位置到翰嘎利湖']}",37,7,"{'最佳游览时间': ['春、夏季。'], '购物推荐': ['当地特产：鹿茸、王小二大饼、苦杏仁、黑瓜籽、熊胆、獾油。']}","{'景区位置': ['中国>内蒙古自治区>兴安盟>科尔沁右翼中旗>吐列毛杜镇>哈日诺尔苏木>额木庭高勒苏木>巴彦茫哈苏木>巴彦淖尔苏木>布敦化牧场>吐列毛杜农场>孟恩套力盖矿区工作部>布敦化矿区工作部>巴彦呼舒镇'], '到达方式': ['兴安盟科右中旗翰嘎利湖生态景区交通：沿111国道可至。']}",{'翰嘎利湖门票价格': ['票价10元。']},['8:30—17:30']
兴安盟科右中旗蒙格罕山,内蒙古,兴安盟,科尔沁右翼中旗,"{'景区简介': ['蒙格罕山是科右中旗四大罕山（蒙格罕、布日和罕、奎屯罕、罕查干）之首。主峰海拔高度为721.3米，总面积2.08万公顷，其中林地面积8634公顷，占总面积的41.4%，森林面积3882公顷，占总面积的45%。罕山顶峰平坦，四周沟峪纵横，山泉小溪潺潺流淌，飞禽走兽频繁出没。这里有野生动物103种，以鸟类为主，共76种。'], '景点分布': ['山上植物种类繁多，灌乔成林，山间深处杂草、灌丛密布，多有奇花异草和珍贵的中草药。种子植物和蕨类植物达69科、243属、463种。其中有较大经济价值的植物有蒙古栎、五角枫、虎榛子、刺玫、金露梅、棉团铁线莲、山荆子、毛山楂、益母草、稠李、细叶百合、芦苇、蕨菜、黄花菜、地榆、柴胡、防风、隐子草、野苜蓿、冷蒿等，有国家重点保护植物野生大豆，食用菌类，有木耳、白蘑、针蘑等。'], '景区资质': ['国家2A级景区'], '景区特色': ['摄影、登山、山川从您位置到蒙格罕山']}",43,11,{'最佳游览时间': ['春、夏、秋三季。']},"{'景区位置': ['中国>内蒙古自治区>兴安盟>科尔沁右翼中旗>吐列毛杜镇>哈日诺尔苏木>额木庭高勒苏木>巴彦茫哈苏木>巴彦淖尔苏木>布敦化牧场>吐列毛杜农场>孟恩套力盖矿区工作部>布敦化矿区工作部'], '到达方式': ['兴安盟市内交通便利，有到达景区的车辆。']}",{'蒙格罕山门票价格': ['票价20元。']},['8:30—17:00']
兴安盟五角枫生态旅游景区,内蒙古,兴安盟,科尔沁右翼中旗,"{'景区简介': ['五角枫生态旅游景区是亚洲最大的疏林草原，是科尔沁草原具有代表性的地区之一。五角枫是科右中旗最具特色的名贵稀有树种，这里四季“枫”景秀美独特。春夏之交，五角枫绽放出娇嫩的小黄花，很是灵动可爱。转而夏至，枫叶如翠蝶飞舞，最是清新沁脾。秋风吹过，漫山层林尽染，姹紫嫣红。待到寒冬，素衣青妆也掩藏不住她的妩媚多姿。置身于枫树间，仿佛徜徉于童话世界，真是“人在林间行，宛如画中游”，让人感受枫林草原不一样的枫情。'], '景点分布': ['五角枫景区位于兴安盟科右中旗镇政府所在地巴彦呼舒镇北25公里，总面积达93万亩。这里生态类型丰富，集疏林、草原、湿地于一体，野生动、植物资源十分丰富，主要代表物种有五角枫、大果榆、西伯利亚山杏、蒙古栎、甘草、山丹等，其中五角枫、蒙古黄榆为珍稀树种。每到秋季，远眺枫林，层林尽染，五色斑斓，美不胜收。景区还精心打造了“欢乐枫林”系列枫林旅拍、亲子乐园、枫林野餐、听风剧场、枫林野奢营地等个性化旅游体验产品，让游客玩得尽兴，流连忘返。'], '景区资质': ['国家4A级景区'], '景区特色': ['自驾、摄影、娱乐、草原从您位置到五角枫生态景区']}",0,2,{'最佳游览时间': ['秋季']},"{'景区位置': ['中国>内蒙古自治区>兴安盟>科尔沁右翼中旗>吐列毛杜镇>哈日诺尔苏木>额木庭高勒苏木>巴彦茫哈苏木>巴彦淖尔苏木>布敦化牧场>吐列毛杜农场>孟恩套力盖矿区工作部>布敦化矿区工作部'], '到达方式': ['海张高速→G207→G334→巴乌线→五角枫生态景区']}","{'五角枫生态景区门票价格': ['平日20元', '节假日40元']}",['08:30-17:00']
内蒙古图牧吉国家级自然保护区,内蒙古,兴安盟,扎赉特旗,"{'景区简介': ['内蒙古图牧吉国家级自然保护区位于内蒙古自治区兴安盟扎赉特旗的最南端，东与黑龙江省泰来县为界，西与兴安盟科尔沁右翼前旗毗连，南与吉林省镇赉县接壤，北与扎赉特旗小城子乡为邻，图牧吉自然保护区总面积94830公顷。'], '景区资质': ['国家3A级景区'], '景区特色': ['摄影、自然、户外、草原、湿地、植物从您位置到图牧吉']}",11,0,{'最佳游览时间': ['四季皆宜']},"{'景区位置': ['中国>内蒙古自治区>兴安盟>扎赉特旗>宝力根花苏木>阿拉达尔吐苏木>巴彦扎拉嘎乡>努文木仁乡>种畜场>八一牧场>巴达尔胡农场>图牧吉镇'], '到达方式': ['自驾路线：', '兴安盟→G111→巴江线→音镇线→内蒙古图牧吉国家级自然保护区。']}",{'图牧吉门票价格': ['无']},['全天']
内蒙古二连浩特国门景区,内蒙古,锡林郭勒盟,二连浩特市,"{'景区简介': ['二连浩特国门口岸位于中国正北方，位于内蒙古自治区锡林郭勒盟西部，东西南三面与美丽富饶的苏尼特草原相邻，北与蒙古国扎门乌德隔界相望，是中国通往蒙古国的唯一铁路口岸，是中蒙两国唯一的铁路口岸，也是欧亚大路桥中的重要战略枢纽。二连浩特口岸也是国务院首批批准的全国13个沿边开放城市之一。'], '景点分布': ['国门旅游区距二连浩特市区约6公里，建筑面积2406平方米。景区由入口迎宾区、沿途引景区、火车纪念广场区、国门参观区、军犬训练参观区和界碑参观区六部分组成。游客可与国门合影留念，可眺望乌德火车站大楼，俯瞰中蒙铁路，近观中蒙界碑。功能上，国门设置了纪念品销售处；墨宝室、中蒙友好关系发展史；国门博物馆、高档休息区、国门影吧；国门会务室展区，眺望区、休息区。游客可在游玩之余了解边界发现历史和现状，购买中蒙商品。'], '景区资质': ['国家3A级景区'], '景区特色': ['休闲、观光、摄影、购物、边境口岸、博物馆从您位置到二连浩特口岸']}",38,187,{'最佳游览时间': ['四季皆可']},"{'景区位置': ['中国>内蒙古自治区>锡林郭勒盟>二连浩特市>二连浩特市社区建设管理局>二连边境经济技术合作区'], '到达方式': ['乘车路线：乘坐长途车至二连浩特国际汽车站或客运南站，火车至二连站，下车后打车或换当地公交前往。', '自驾路线：市内走二广公路、友谊路即可；外省市走二广高速、208国道前往。']}",{'二连浩特口岸门票价格': ['50元']},['09：00-18：00']
二连盆地白垩纪恐龙国家地质公园,内蒙古,锡林郭勒盟,二连浩特市,"{'景区简介': ['二连盆地白垩纪恐龙国家地质公园以闻名中外的晚白垩世恐龙化石群遗迹为主体景观，辅以重要的地层遗迹和花岗岩石林景观，结合独一无二的恐龙景观文化资源，是一个集科学研究、科学普及、观光游览和边境贸易于一体，科学内涵丰富、口岸特色浓郁、城市景观优美、极具旅游价值的国家地质公园。二连浩特地区恐龙化石的数量之多、种属之齐全实属罕见，除世界各地所有的种属以外，还有很多是本区所特有的种属，它们为晚白垩世亚洲特有的生物群，有重要的研究价值，一直为专业的恐龙专家们所瞩目。时至今日，全世界的古生物专家们对这一地区恐龙化石的研究和兴趣长盛不衰，参观、考察者络绎不绝。'], '景点分布': ['二连盆地白垩纪恐龙国家地质公园位于市区东北9公里处的盐池附近，总面积10471公顷，核心区面积29.9公顷。根据地质遗迹的分布和地域上的组合特点，公园划分为二连盐池恐龙化石群遗迹景区、二连浩特口岸文化景区和宝德尔花岗岩石林景区。主要景观有两条“万龙”雕塑、恐龙科普馆、矿物晶体馆、恐龙化石原地埋藏馆、伊林驿站遗址博物馆等。游客可以在园中观看到二连浩特地区的恐龙化石和各个时期哺乳动物化石，仿真恐龙模型，文字介绍以及地表岩层的剖面图。场馆内很好的还原了远古恐龙生活的场景，生动的地向游客展示恐龙的发掘过程。'], '景区资质': ['国家4A级景区'], '景区特色': ['休闲、科普、遗址从您位置到二连盆地白垩纪恐龙国家地质公园']}",2,6,"{'旅游攻略': ['公园旅游路线的起点都是由二连开始，所以游客们需集中到二连浩特市住宿，然后开始旅游活动。'], '最佳游览时间': ['四季皆宜'], '购物推荐': ['恐龙模型']}","{'景区位置': ['中国>内蒙古自治区>锡林郭勒盟>二连浩特市>二连浩特市社区建设管理局>二连边境经济技术合作区'], '到达方式': ['景区没有公共交通，游客只能在二连浩特市区包车前往，建议自驾。', '呼和浩特方向：京藏高速→二广高速→伊林大道→成吉思汗大街→东兴路→茶马大街→二色线→公园', '锡林郭勒方向：S101→S309→伊林大道→茶马大街→二色线→公园']}",{'二连盆地白垩纪恐龙国家地质公园门票价格': ['50元']},"['08:30-18:30', '17:30停止售票']"
内蒙古二连浩特东居延海,内蒙古,锡林郭勒盟,二连浩特市,{'景区简介': ['东居延海又称索果诺尔、苏泊淖尔，是今日黑河下游的终端湖。距今3000万年前，这一地区和新疆塔里木盆地同属地中海的一部分，经过古地质年代的沧桑演变，从海底上升到陆地，由水生环境演变成荒漠和绿洲。历史上，由于黑河下游水量丰沛，在居延地区形成众多的湖泊，东、西居延海这对姊妹湖，堪称“大漠双璧”，环境优美、物产丰饶。然而，黑河奔向居延海的旅程，已经愈发的沉重和艰难，1961年，西居延海干涸，1992年，东居延海消亡。大漠明珠失去了生命中的最后一缕光泽，居延海成为我国西部继罗布泊之后的第二大干涸湖。从您位置到东居延海']},38,32,{'最佳游览时间': ['四季皆可']},{'景区位置': ['中国>内蒙古自治区>锡林郭勒盟>二连浩特市>二连浩特市社区建设管理局>二连边境经济技术合作区']},{'东居延海门票价格': ['免费']},['全天开放']
内蒙古锡林郭勒草原,内蒙古,锡林郭勒盟,锡林浩特市,"{'景区简介': ['锡林郭勒草原是世界闻名的大草原之一，也是我国四大草原—内蒙古草原的主要天然草场。地处内蒙古自治区锡林浩特市境内，面积107.86万公顷。其中草甸草原、典型草原、半荒漠草原、沙地草原一应俱全，地上植物达1，200多种。每当盛夏来临，风光迷人的乌珠穆沁草原是一片绿色的海洋，高贵的芍药花与美丽的山丹花争奇斗艳，片片白云在无尽的蓝天中飘游，牧人策马，牛羊游动，加上蒙古包缕缕的炊烟与缓缓行驶的勒勒车，定会使溶入大自然的游人顿感心旷神怡，美不胜收。繁花似锦的辉腾锡勒草原重现风吹草低见牛羊的美景，锡林河九曲十八湾像是飘落在草原上的洁白哈达，足可使您流连忘返。'], '景点分布': ['锡林郭勒盟在历史上由五个部落组成，由东向西为乌珠穆沁、浩济特、阿巴哈纳尔、阿巴嘎和苏尼特五大部落组成。这里有横贯草原中部的古长城与世界著名的元上都遗址，还有典雅庄重的洪格尔岩画和明成祖五次北征留下的玄石坡、立马峰；内蒙古四大庙宇之一的贝子庙与祭祀圣地白音查干敖包把宗教与蒙古族文化溶为一体，又有世界闻名的""恐龙之乡""通古尔盆地。'], '景区特色': ['自然景观游、历史文化游、历史遗迹、草原从您位置到锡林郭勒']}",600,1092,"{'旅游攻略': ['锡林郭勒盟拥有美丽的草原自然风光、古朴的蒙古族风情以及独特的生产生活方式，众多的文物古迹、悠久的历史文化和宜人的避暑气候。锡盟开发了骑马、乘驼、射箭、坐勒勒车、牧羊，祭敖包、蒙古族歌舞、服饰表演、体验牧户生产生活等旅游项目。推出了“环锡林浩特天然草原游”、“阿尔山圣泉康复保健游”、“草原牧羊游”、“锡林郭勒草原民俗风情游”、“草原婚礼游”、“沙源治理游”、“元上都遗址探密游”、“恐龙墓地游”、“中蒙边境游”、“草原那达慕”、“祭敖包”、“森林、沙漠、雪地探险游”，自行车拉力赛、摩托车、汽车越野赛、狩猎、滑冰、滑雪等等特种专项旅游。旅游活动项目独具特色、丰富多彩。'], '最佳游览时间': ['每年的5月至9月，锡林郭勒草原草原鲜花遍地，一片花的海洋，是一年中最好的旅游时间。'], '购物推荐': ['(当地特产)苏尼特羊肉、黄花菜、多伦玛瑙、地毛菜、哈拉海、口蘑、牛肉干、马奶酒。', '(特色美食)奶皮子、奶豆腐、奶饼、羊背子、楚拉子、莜面宴、蒙古锅茶、羊杂碎、奶茶。']}","{'景区位置': ['中国>内蒙古自治区>锡林郭勒盟>锡林浩特市>巴彦查干街道>巴彦锡勒街道>巴彦宝拉格苏木>锡林郭勒盟经济技术开发区>白银库伦牧场>贝力克牧场>毛登牧场'], '到达方式': ['(交通方式)', '可先乘飞机或火车到呼和浩特，换乘长途汽车前往乌中旗(参考票价为20元)，再包车前往锡林', '郭勒草原草原。或者从呼和浩特乘火车至卓资山(票价7元)，然后包车前往锡林郭勒草原，这样', '走比较省时间。', '(北京出发)', '从北京六里桥汽车站有车直达。发车时间：晚上19：00和20：00各一趟。票价：180元/张，', '卧铺240元/张。车程约12小时。也可先从北京乘火车至赤峰后，再转乘中巴车前往，汽车车程', '约10小时，一路上既可看到达里诺尔湖，又可欣赏草原风光。']}",{'锡林郭勒门票价格': ['免费。']},['全天。']
锡林郭勒盟锡林浩特贝子庙景区,内蒙古,锡林郭勒盟,锡林浩特市,"{'景区简介': ['贝子庙是内蒙古四大庙宇之一，蒙古语名“班智达葛根庙”，汉名“崇善寺”。它位于锡林郭勒盟锡林浩特市北部的“额尔敦陶力盖”敖包南坡下，始建于清乾隆八年(公元1742年)，建筑群规模庞大，气势雄伟。'], '景点分布': ['全庙整个建筑群有朝克钦、明干、却日、珠都巴、甘珠尔、丁克尔、额日特图七座大殿，五座拉布楞(活佛殿)，五座佛塔，此外尚有30多个庙仓及两间喇嘛住宅在庙宇的东西两侧和后面，总建筑面积为1.2平方公里。'], '景区资质': ['国家4A级景区'], '景区特色': ['观光、拜谒、宗教、古迹从您位置到贝子庙']}",161,383,"{'最佳游览时间': ['夏秋两季'], '购物推荐': ['牛羊及其派生产品']}","{'景区位置': ['中国>内蒙古自治区>锡林郭勒盟>锡林浩特市>巴彦查干街道>巴彦锡勒街道>巴彦宝拉格苏木>锡林郭勒盟经济技术开发区>白银库伦牧场>贝力克牧场>毛登牧场'], '到达方式': ['市区乘坐1路到贝子庙站下']}",{'贝子庙门票价格': ['20元/人']},['8:00-18:00']
锡林郭勒九曲湾,内蒙古,锡林郭勒盟,锡林浩特市,"{'景区简介': ['锡林河九曲是锡林郭勒草原上最美的河曲之一，位于锡林浩特市南15公里处。此段河道在草原上蜿蜒，宛若一道银色丝带在风中起舞，登高远望，牛羊如珍珠般散落在河岸两侧，格外美观。锡林河九曲水草丰美，气候宜人，著名的锡林河草原旅游度假区就建在河畔，齐整的蒙古包和战车群生动展示了蒙古族的辉煌历史和民族风情，吸引了众多游人前来观光。'], '景点分布': ['锡林河九曲河弯众多，两岸绿草茵茵，牛羊撒落，自然景观宜人。河岸坐落着集草原观光、娱乐、洗浴、住宿、购物为一体的锡林河草原旅游度假区，景区依托草原风光，以蒙元文化为主线，展示了蒙古族古时与现代的风土人情，对宣扬游牧民族文化有着积极的促进作用。'], '景区特色': ['避暑、度假、休闲、观光、摄影、度假区、蒙古包、河流、草原从您位置到锡林九曲湾']}",105,116,{'最佳游览时间': ['四季皆宜，夏季尤佳。']},"{'景区位置': ['中国>内蒙古自治区>锡林郭勒盟>锡林浩特市>巴彦查干街道>巴彦锡勒街道>巴彦宝拉格苏木>锡林郭勒盟经济技术开发区>白银库伦牧场>贝力克牧场>毛登牧场'], '到达方式': ['锡林河九曲位于锡林浩特市南15公里处，这里交通便捷，自驾或包车前往都是不错的选择。']}",{'锡林九曲湾门票价格': ['免费。']},['全天开放。']
锡林郭勒盟锡日塔拉草原旅游度假村,内蒙古,锡林郭勒盟,锡林浩特市,"{'景区简介': ['锡林郭勒盟锡日塔拉草原旅游度假村是现今锡林浩特地区接待能力最大的草原民俗度假村之一。这里天蓝、草绿、花鲜、空气清新。地势宽敞平坦，牧草茂盛，空旷恬静。目前已建成项目有：王爷包、中型蒙古包、微型蒙古包共14顶，可接待160位游人。度假村内还设有露天舞场、篝火台。游客可在此品尝蒙古风味（手把肉、烤全羊），欣赏蒙古歌舞表演，坐勒勒车，骑马等。锡日塔拉旅游度假村位于锡林浩特市东南郊15千米的锡林河畔。'], '景点分布': ['度假村内有容纳千人的露天舞场，射击、卡拉OK舞厅、另外还提供走访牧户、骑马、骑骆驼、游牧、草原婚礼、那达慕（观摩和专项）、篝火晚会、文艺晚会、博克表演、蒙古族风味美食、民族服饰等服务项目。'], '景区资质': ['国家2A级景区'], '景区特色': ['摄影、草原风情游、度假、度假村、草原从您位置到锡日塔拉草原']}",28,49,{'最佳游览时间': ['每年的7、8月份。']},"{'景区位置': ['中国>内蒙古自治区>锡林郭勒盟>锡林浩特市>巴彦查干街道>巴彦锡勒街道>巴彦宝拉格苏木>锡林郭勒盟经济技术开发区>白银库伦牧场>贝力克牧场>毛登牧场'], '到达方式': ['锡林浩特汽车站乘旅游巴士可达。']}",{'锡日塔拉草原门票价格': ['免费。']},['全天开放。']
锡林郭勒盟苏尼特右旗社保局旅游点,内蒙古,锡林郭勒盟,苏尼特右旗,"{'景区简介': ['锡林郭勒盟苏尼特右旗社保局旅游点集科技养殖、动物观赏、旅游休闲、娱乐餐饮为一体，是一座占地400万平方米的草原生态绿色园区，位于闻名遐迩的锡林郭勒大草原西部广袤无垠的苏尼特草原上。社保局旅游点以蒙古族特色为主，让客人享受到民族地区的风土人情，品尝到草原纯绿色的食品，正宗的苏尼特牛羊肉及奶食制品，喝到鲜美味纯的奶酒，领略大草原美丽的风采。'], '景点分布': ['旅游点拥有多功能大厅一座，大小蒙古包25顶，套间或小餐厅20套，套间客房20套，可同时容纳350人食宿。常设活动项目有珍稀野生动物观赏、常年对游客免费观赏，供旅游者骑马、乘驼，还有射箭、摔跤、卡丁车等项活动，具有蒙古民族特色活动有：蒙古族礼仪迎送、草原篝火晚会、祭敖包、走访牧户、小型那达慕，还有“九龙壁”、“八骏图”、“十二生肖像”、成吉思汗金顶大帐、野生动物养殖基地等景点供游客观赏。'], '景区资质': ['国家2A级景区'], '景区特色': ['摄影、草原风情游、野生动物观赏、蒙古包、野生动物养殖基地、草原从您位置到苏尼特右旗社保局']}",31,26,"{'最佳游览时间': ['夏、秋季节。'], '购物推荐': ['特产：口蘑、苦杏仁、蕨菜、鹿茸、白瓜子、沙棘。', '美食：马奶酒、酸奶酪、奶豆腐、奶皮子、肉串、手把肉、扒羊肉、烤全羊、涮羊肉、奶茶。']}","{'景区位置': ['中国>内蒙古自治区>锡林郭勒盟>苏尼特右旗>阿其图乌拉苏木>苏尼特右旗朱日和工业园'], '到达方式': ['包车：市内没有公交车直达景区，可包车前往。', '自驾：沿国道207、303、208、省道101、204从锡林郭勒盟穿过。']}",{},['9:00-18:00']
锡林郭勒盟赛汗塔拉旅游娱乐园,内蒙古,锡林郭勒盟,东乌珠穆沁旗,"{'景区简介': ['赛汗塔拉旅游娱乐园，镶嵌在富饶美丽的苏尼特草原上，园区占地1950万平方米，风景秀丽、空气清新。草坪花坛相互映托，鲜花绿草争奇斗艳，白色的蒙古包群被一片绿洲包围，鸟语花香，绿树成荫，是游人休闲度假的理想园地。'], '景点分布': ['园区拥有大小蒙古包90座，纯木屋一座，接待大厅两处、竹楼、凉亭2座，欧式套间客房50套，总建筑面积9万平方米，可日接待游客15000人次。是一座可同时容纳350人住宿的草原生态绿色园区。这里开设有骑马、乘驼、勒勒车等民俗文化活动；另外赛马场内经常举办精彩的赛马和马术表演；成吉思汗金顶大帐内会有庄严的参观礼拜活动；还有那达慕会场内的特色文艺演出，为游人带来一场场别开生面的视觉盛宴。'], '景区资质': ['国家3A级景区'], '景区特色': ['摄影、度假、休闲、生态景观游、民俗文化游、生态园、草原从您位置到赛汗塔拉生态园']}",112,117,"{'游览路线': ['(路线一)', 'D1赛汉塔拉镇德王府→毕鲁图庙→查干敖包（矿泉点）', '该线路主要向游客展示藏传佛教→喇嘛教发展历史和人文景观，饱览盛大的蒙古族祭祀敖包场', '面、蒙古民族风情和草原风光。', '(路线二)', 'D1赛汉塔拉镇→额仁淖尔千年古树、壁画点、盘羊点、恐龙化石点→二连国门→蒙古', '国扎门乌德市', '该线路主要游览古契丹壁画文物古迹，观赏国家稀有保护动物盘羊，还可以目睹恐龙化石的', '巨姿，既可游览北疆边陲连接欧亚陆路口岸的二连浩特市新姿全貌，瞭望蒙古国扎门乌德市', '全景，在威严雄伟的国门、界碑前留影，又能对游客提供出国机会。', '(路线三)', 'D1赛汉塔拉镇→查干敖包（在北京军区驻守部队战术训练基地附近）', '该项目为军民共建旅游区，主要是由部队提供现代军事演练项目，牧民提供马匹、骆驼、蒙', '古包等。同时还可以包揽朱日和草原大型国际风能发电厂、都呼木华北石油开采区景观和苏', '尼特草原风光与民族风情。'], '最佳游览时间': ['夏季7、8月份。'], '购物推荐': ['(当地特产)苏尼特羊肉、地毛菜、黄花菜、口蘑。', '(特色美食)苏尼特羊肉串、内蒙黄焖羊羔肉。']}","{'景区位置': ['中国>内蒙古自治区>锡林郭勒盟>东乌珠穆沁旗>嘎海乐苏木>阿拉坦合力苏木>乌里雅斯太工业区>宝格达乌拉总场>赛汉塔拉镇'], '到达方式': ['建议包车前往。']}",{'赛汗塔拉生态园门票价格': ['80—100元。']},['全天开放。']
乌拉盖九曲湾景区,内蒙古,锡林郭勒盟,东乌珠穆沁旗,"{'景区简介': ['乌拉盖九曲湾景区是乌拉盖河最为蜿蜒曲折的河段，也是最迷人的一段。河边绿草茵茵、野花丛生，香气袭人，牛羊成群，点缀其中；沿河床一侧生长的红柳更将其装点的清晰而美丽；让人叹服于大自然的鬼斧神工，沉醉于浑然天成的美妙画卷，尽享天人合一的美梦。'], '景点分布': ['乌拉盖九曲湾景区位于锡林郭勒盟锡林浩特市东南13公里处，主要包括乌拉盖草原、乌拉盖水库等景观，建有俄罗斯风情住宿小屋、蒙古包餐厅、观景台、射箭场等基础设施。'], '景区资质': ['国家4A级景区'], '景区特色': ['摄影、徒步、河流、草原从您位置到乌拉盖']}",6,26,{'最佳游览时间': ['夏秋两季']},"{'景区位置': ['中国>内蒙古自治区>锡林郭勒盟>东乌珠穆沁旗>嘎海乐苏木>阿拉坦合力苏木>乌里雅斯太工业区>宝格达乌拉总场'], '到达方式': ['长途车至乌拉盖', '锡张高速→S307→白霍一级路到→南湖大街→S10→哈总线']}",{'乌拉盖门票价格': ['30元']},['9：00-17：00']
锡林郭勒盟葛根敖包草原旅游度假村,内蒙古,锡林郭勒盟,东乌珠穆沁旗,"{'景区简介': ['葛根敖包度假村是一处三面环山，水草丰茂、环境优美的天然草原旅游景区，位于内蒙古锡林浩特市郊东南四公里处。度假村始建于1995年，占地面积16平方公里，一次能容纳400－500名游客住宿，可以夏季避暑，饱览民族风情。'], '景点分布': ['度假村设有赛马场、靶场、钓鱼池、勒勒车、彩弹射击、弓箭、着民族服饰留影、举办篝火晚会、赛马、套髦牛、小型那达幕等多种娱乐项目。'], '景区资质': ['国家2A级景区'], '景区特色': ['摄影、草原风情游、度假、度假村、草原从您位置到葛根敖包度假村']}",34,34,{'最佳游览时间': ['七月下旬到八月中旬。']},"{'景区位置': ['中国>内蒙古自治区>锡林郭勒盟>东乌珠穆沁旗>嘎海乐苏木>阿拉坦合力苏木>乌里雅斯太工业区>宝格达乌拉总场'], '到达方式': ['锡林郭勒汽车站乘旅游巴士可达。']}",{'葛根敖包度假村门票价格': ['票价20元。']},['8:00—20:00']
锡林郭勒布林泉旅游区,内蒙古,锡林郭勒盟,东乌珠穆沁旗,"{'景区简介': ['布林泉旅游区是电影《狼图腾》的拍摄地，以迷人的草原风光和浓郁的蒙古民族文化气息为主题，是一家集休闲观光、宗教文化、餐饮娱乐为一体的综合型旅游景区。“布林泉”蒙语意为“温泉”，景区内有深50厘米泉眼8个，泉水四季长流、清澈透明、甘甜可口，日流量约4000立方米，常年温度5摄氏度，是纯天然无污染的优质矿泉水，因富含多种矿物质而远近闻名。壮美的草原风光，古老的游牧文化，加之众多电影和真人秀的取景地，人文与生态的合壁，成为人们休闲娱乐、亲近大自然、陶冶情趣的好去处。'], '景点分布': ['布林泉景区位于内蒙古锡林郭勒盟乌拉盖管理区巴音胡硕镇北11公里处，占地面积约299万平方米。主要景观包括潺潺的布林圣泉、历史底蕴深厚的布林庙、别致的八角亭、威武的成吉思汗雕像、战车式蒙古包群、观赏木栈道、神圣的额尔顿敖包和篝火晚会广场，《狼图腾》影视拍摄地是电影中男主角陈阵插队的牧场场部所在地，是当时牧民生产生活、贸易集散中心，作为六十年代末七十年代初的蒙古草原小镇，建有供销社、邮局、卫生所、大食堂、兽医站、理发铺、铁匠铺等设施。在游牧文化体验区，还有骑马体验、草原牧羊，乘坐勒勒车、挤牛奶、制作奶食品、民族手工艺品；畅饮马奶酒、品尝纯正蒙餐、欣赏马头琴演奏聆听天籁之音等活动等待游客参加。'], '景区资质': ['国家4A级景区'], '景区特色': ['自驾、娱乐、摄影、宗教、影视城、草原']}",1,2,"{'最佳游览时间': ['夏季'], '购物推荐': ['马奶酒、蒙古族奶制品等。']}","{'景区位置': ['中国>内蒙古自治区>锡林郭勒盟>东乌珠穆沁旗>嘎海乐苏木>阿拉坦合力苏木>乌里雅斯太工业区>宝格达乌拉总场'], '到达方式': ['1、锡林浩特汽车站乘坐长途大巴：锡林浩特→乌拉盖（也有写六师）全程350KM，大约行驶5小时左右即可抵达乌拉盖。', '2、呼和浩特白塔机场飞抵霍林郭勒机场，抵达机场后乘坐霍林郭勒机场至乌拉盖机场巴士直达乌拉盖，或者乘坐出租车抵达乌拉盖，霍林河机场距离乌拉盖距离60KM。', '3、呼和浩特乘坐火车抵达霍林郭勒火车站，抵达后乘坐霍林郭勒至乌拉盖班车直达乌拉盖汽车站，或可乘坐出租车抵达乌拉盖，霍林郭勒距离乌拉盖距离90KM。']}","{'布林泉门票价格': ['门票40元', '观光车30元']}","['旺季(05-01～10-08)：07:00～18:00', '淡季(10-09～04-30)：08:00～17:00']"
锡林郭勒盟西乌旗蒙古汗城,内蒙古,锡林郭勒盟,西乌珠穆沁旗,"{'景区简介': ['蒙古汗城整体布局是以《成吉思汗》登基大典的汗城为蓝本进行修建的。它位于锡林浩特至林西公路沿线，占地面积20平方公里。主要以蒙古民族文化观光、休闲娱乐和草原观光为主。'], '景点分布': ['蒙古汗城整体布局是以《成吉思汗》登基大典的汗城为蓝本进行修建的。整个景区分为中心区、西区和东区。'], '景区资质': ['国家4A级景区'], '景区特色': ['接待会议、团体游览、休闲避暑、娱乐城从您位置到蒙古汗城']}",428,291,"{'旅游攻略': ['每天中午有蒙古族古典歌舞表演；下午有摔跤、赛马那达慕、骑马、乘驼等活动；晚上有篝火晚会歌舞表演。', '美食以蒙古族传统饮食为主，如烤全羊、烤羊腿、烤羊背、炒米、奶茶、手把肉、奶豆腐、羊血肠、马奶、牛奶酒等，搭配蘑菇、蕨菜、黄花等草原野菜。另有适合东西南北游客的各种蔬菜菜肴。'], '最佳游览时间': ['最佳旅游季节是5月中旬－9月底。'], '购物推荐': ['牛羊及其派生产品']}","{'景区位置': ['中国>内蒙古自治区>锡林郭勒盟>西乌珠穆沁旗>乌兰哈拉嘎苏木>西乌旗白音华能源化工园区>林业总场'], '到达方式': ['古锡林郭勒盟长途客运站每日有三次班车开往西乌旗。']}",{'蒙古汗城门票价格': ['免费']},['全天']
锡林郭勒大乘法胤法轮寺,内蒙古,锡林郭勒盟,西乌珠穆沁旗,"{'景区简介': ['锡林郭勒大乘法胤法轮寺又名“乌珠穆沁王盖庙”或“王盖庙”，是一座藏传佛教格鲁派寺院。大乘法胤法轮寺历史悠久，渊源颇深，这里最早是1904年扎萨克亲王索南拉布丹供奉十三世达赖喇嘛“纳不兂”（袈裟）的蒙古包，后又建造祥经寺并逐渐扩大，规模宏伟。1930年九世班禅曾应索王邀请驻锡，九世班禅行宫即成为大乘法胤法轮寺的一个组成部分。随之开展的佛事活动也极为盛大，参加法会的蒙古王公和僧俗信徒达五万余人。如今，寺院仍旧是西乌旗最主要的宗教场所，朝拜者、访客络绎不绝，其辉煌的历史也成为人们流传的佳话。'], '景点分布': ['大乘法胤法轮寺位于西乌珠穆沁旗市内乌珠穆沁文化广场旁，死前有一面青砖瓦脊朱红照壁，寺内以九世班禅行宫和一座白色佛塔为主，建有配殿，留有多块花岗岩石刻像。大殿内外彩绘精美，庄严神圣。'], '景区特色': ['参观、朝拜、宗教、建筑从您位置到大乘法胤法轮寺']}",0,48,{'最佳游览时间': ['四季皆宜']},"{'景区位置': ['中国>内蒙古自治区>锡林郭勒盟>西乌珠穆沁旗>乌兰哈拉嘎苏木>西乌旗白音华能源化工园区>林业总场'], '到达方式': ['乘车路线：长途车至西乌珠穆沁旗，下车步行10多分钟即到。', '自驾路线：锡张高速公路→S307至西乌珠穆沁旗，转入罕乌拉街即可。']}",{'大乘法胤法轮寺门票价格': ['免费']},['全天']
东乌旗喇嘛库伦庙,内蒙古,锡林郭勒盟,西乌珠穆沁旗,"{'景区简介': ['东乌旗喇嘛库伦庙是蒙古地区喇嘛教“三大库伦”之一，曾是东乌珠穆沁旗政府经济文化中心。库伦庙又称集惠寺，是大昭寺传密宗的大乘、密宗、医学、阴阳等四学的中心寺院，鼎盛时期有1500多名僧徒，下设四个寺院、三个和林、二十五个庙仓、五大院、二十多座殿堂庙房。寺庙在“文化大革命”中全部被毁后，于1992年在原址上修建二层藏式寺庙。2004年3月东乌旗内发生了5.9级强烈地震，库伦庙遭侵严重损坏，现建筑于2006年10月重建，成为北方一座规模宏大的寺庙。'], '景点分布': ['库伦庙坐落在乌珠穆沁大路北，建有库伦庙广场、山门、朝克沁大殿、白音额日和图敖包等，现存的佛像、屋盖瓦、脊饰、吻兽、脊刹、宗教用品30%为文物，有极高的收藏价值。'], '景区特色': ['参观、朝拜、历史文化、宗教从您位置到库伦庙']}",0,29,{'最佳游览时间': ['四季皆宜']},"{'景区位置': ['中国>内蒙古自治区>锡林郭勒盟>西乌珠穆沁旗>乌兰哈拉嘎苏木>西乌旗白音华能源化工园区>林业总场>乌里雅斯太镇'], '到达方式': ['乘车路线：火车、飞机前往锡林浩特，后换乘长途车至东乌珠穆沁旗乌里雅斯太镇。', '自驾路线：锡张高速公路、G207→S307→S204→S101至乌里雅斯太镇，沿着乌珠穆沁大路行驶即可。']}",{'库伦庙门票价格': ['免费']},['09:00--17:00']
锡林郭勒乌珠穆沁博物馆,内蒙古,锡林郭勒盟,西乌珠穆沁旗,"{'景区简介': ['锡林郭勒东乌旗乌珠穆沁博物馆以突出鲜明的地方特色和民族特点为主，是了解乌珠穆沁古往今来的最佳之地。风格独特的博物馆建筑突显了民族特色，极富现代感又不乏典雅庄重。馆藏有反映乌珠穆沁从原始时期以来各个历史时期的社会制度、社会生产和社会生活的各类文物，绝大多数来自考古发掘和牧区征集，品类丰富，主要有陶器、瓷器、铜器、漆木器、民族乐器、佛教器、玉器、石器、丝织品、金银器、铁器具等，对研究乌珠穆沁部落历史变迁具有举足轻重的地位。'], '景点分布': ['乌珠穆沁博物馆位于乌里雅斯太镇内乌珠穆沁广场西侧，占地面积7800平方米。博物馆由大厅、《草原流韵》民俗一厅、《草原流韵》民俗二厅以及《草原春秋》历史展厅组成，陈列成吉思汗第十六代子孙巴图孟克达延汗画像，历代乌珠穆沁左右翼旗扎萨克亲王、贝勒画像，游牧部落生活用品，金斯太洞穴遗址，民间艺术、宗教信仰、男儿三技、民间医学、《蒙古秘史》和相关研究史料及现代乌珠穆沁人生活写照等。'], '景区特色': ['休闲、观光、历史文化、博物馆从您位置到乌珠穆沁博物馆']}",0,22,{'最佳游览时间': ['四季皆宜']},"{'景区位置': ['中国>内蒙古自治区>锡林郭勒盟>西乌珠穆沁旗>乌兰哈拉嘎苏木>西乌旗白音华能源化工园区>林业总场>乌里雅斯太镇'], '到达方式': ['乘车路线：火车、飞机前往锡林浩特，后换乘长途车至东乌珠穆沁旗乌里雅斯太镇。', '自驾路线：锡张高速公路、G207→S307→S204→S101至乌里雅斯太镇，沿着锡霍公路行驶至广场即可。']}",{'乌珠穆沁博物馆门票价格': ['免费']},['09：00—11：00，15：00—17：00']
西乌旗乌兰五台旅游景区,内蒙古,锡林郭勒盟,西乌珠穆沁旗,"{'景区简介': ['乌兰五台旅游景区拥有绝美的草原景观，也是著名的佛教旅游胜地之一。乌兰五台中的“乌兰”蒙古语译为“红”，乌兰五台景区属历史上的“五个五台山”之一，与山西五台山齐名。当时五台分为红黄蓝绿白，山西为黄五台，乌兰五台为红五台。乌兰五台在上世纪动荡年代遭受了严重的损坏，2006年进行了修缮，重现了草原上多彩的风景。每年农历5月13日为乌兰五台祭敖包日，进行佛事、摔跤、赛马等活动，热闹非凡。'], '景点分布': ['乌兰五台位于吉林郭勒镇以南30公里处，占地面积5000亩。景区建有广场、五台庙，从五台庙坐为起点由北向东有士兵墩、圣火、六字经文、成吉思汗铁骑印、成吉思汗足迹、石墩、孛儿帖皇后足迹、骑羊护法神、大黑天神、窟窿岩、弓箭、天母足迹，天母螺蹄印、天母脚印、成吉思汗石椅，绕过五台庙向西有吉祥天母、金鹰、常明灯、文殊菩萨、吉祥天母洞、成吉思汗帐台、成吉思汗马桩、佛母洞、成吉思汗驹桩、圣泉洞、摇蓝等26处拜点。庙前矗立有整齐美观的六个白塔与山上的两个白塔组成了八座如来宝塔，分别为：：莲聚塔、菩提塔、四谛塔、神变塔、降凡塔、息诤塔、胜利塔、涅槃塔。'], '景区资质': ['国家4A级景区'], '景区特色': ['朝圣、娱乐、宗教、草原从您位置到乌兰五台']}",1,3,"{'旅游攻略': ['每年农历5月13举行天下第一敖包祭祀，期间举办佛事、摔跤、赛马等丰富多彩的活动。'], '最佳游览时间': ['夏秋两季'], '购物推荐': ['烤全羊、烤羊腿、烤羊排、手把肉等。']}","{'景区位置': ['中国>内蒙古自治区>锡林郭勒盟>西乌珠穆沁旗>乌兰哈拉嘎苏木>西乌旗白音华能源化工园区>林业总场'], '到达方式': ['锡林大街→S307→乌兰五台']}",{'乌兰五台门票价格': ['50元']},['09：00-17：00']
乌里雅斯太山旅游景区,内蒙古,锡林郭勒盟,西乌珠穆沁旗,"{'景区简介': ['乌里雅斯太山旅游景区被誉为草原上的一处异景，素有“草原盆景”之美誉。乌里雅斯太山蒙古语意为“有杨树之山”，被人们称为“草原上平地突起的一座神山”，以优美的自然风光，神奇的历史传奇，独特的地质地貌而著称。山势雄伟、巍峨秀丽的山脉，与无垠的草原融为一体，俯瞰大地，东乌草原的迷人风光尽收眼底。古往今来，乌里雅斯太山一直就是当地牧民敬重的地方，也是人们旅游、休闲的好去处，并与珠恩嘎达布其口岸、蒙古国混都仑海鲁斯太旅游度假村、得里岗嘎旅游度假村形成了跨国精品旅游线路。'], '景点分布': ['乌里雅斯太山位于锡林郭勒盟东乌珠穆沁旗乌里雅斯太镇阿木古郎嘎查，距离乌里雅斯太镇27公里。景区内包括草原风光观赏区、牧区生活生产浏览区、草原文化展示区、民族游艺娱乐区、草原高尔夫练习场、牧人之家旅游点、东伊河风光旅游区等，建有20余座蒙古包，可同时容纳200人就餐和40位住宿，景区设有骑马、登山观草原、真人CS、射箭、草原高尔夫等活动项目，景区广场可举办大型篝火晚会。'], '景区资质': ['国家3A级景区'], '景区特色': ['休闲、娱乐、草原从您位置到乌里雅斯太山']}",1,3,{'最佳游览时间': ['夏秋两季']},"{'景区位置': ['中国>内蒙古自治区>锡林郭勒盟>西乌珠穆沁旗>乌兰哈拉嘎苏木>西乌旗白音华能源化工园区>林业总场>乌里雅斯太镇'], '到达方式': ['S101→锡阿线→S101→锡霍公路→乌拉盖街→S204→景区']}",{'乌里雅斯太山门票价格': ['免费']},['全天']
太仆寺旗贡宝拉格草原,内蒙古,锡林郭勒盟,太仆寺旗,"{'景区简介': ['贡宝拉格草原，是我国距北京最近的“京北第一天然草原”，素有“昔日皇家御马场，今日北京后花园”之美誉，是宋祖英拍摄《五十六个民族五十六朵花》的基地。草原位于锡林郭勒盟最南端，与河北交界。这里水草丰美、牛羊遍地、鸟语花香、民风纯朴、气候宜人，是目前世界上温带草原原始植被保存最完整、饲用植物最丰富、草原景观最美丽的大草原，是人们避暑休闲的理想之地。'], '景点分布': ['贡宝拉格，蒙语意为深深的泉水。蓝天白云、碧野红花、羊群斑斑、乳香飘飘，原始天然的北国草原，这就是游牧文化的摇篮，蒙古文化的发祥地。这里充满诱人的魅力，富有神秘的色彩，留着古老的传说，从游牧热土到御马苑旅游区，从金界壕到玛拉盖庙，从草原观光到特色旅游，无论是蒙古包里的奶茶，还是牧羊人的歌声，无论是马背上的较量还是马头琴的旋律，它们都是遥远祖先留下的珍宝！'], '景区特色': ['避暑、游牧文化、宗教、古迹、草原从您位置到贡宝拉格草原']}",87,140,"{'最佳游览时间': ['5月-10月'], '购物推荐': ['（当地特产）“贡宝”西芹、有牛羊肉干和各类肉干、蒙古包子、草原牌白酒、沙枣', '（当地小吃）蒙古果子、蒙古果条']}","{'景区位置': ['中国>内蒙古自治区>锡林郭勒盟>太仆寺旗>永丰镇>万寿滩良种场'], '到达方式': ['太仆寺旗贡宝拉格草原是锡林郭勒盟公路交通最便利的地方。有一级公路与盟府相联。有二级公路与京张高速公路相通。至河北省边界的三号地正在修建高速公路。每日都有直达北京、呼和浩特、石家庄、天津、张家口、锡林浩特、以及邻近省区各市县的班车始发或经过。自驾车由北京至此不过四个小时。', '自驾路线：从北京出发，走京藏高速，下张家口走张石高速，从张北南出口出来上207国道，走90公里左右即到。']}",{},['全天']
锡林郭勒盟元上都遗址,内蒙古,锡林郭勒盟,正蓝旗,"{'景区简介': ['锡林郭勒盟元上都遗址是我国现存最好、规模最大的一处古代都城遗址，为蒙古民族在1314世纪建立的元朝第一座都城。该遗址位于内蒙古自治区正蓝旗的闪电河北岸，气候宜人，是元朝皇帝夏时的避暑之地。发达的驿道加快了元上都交通枢纽的影响力，云集的商贾促进了元上都的经济繁荣，使它成为当时中国乃至世界的政治、经济、文化中心之一。公元1358年，红巾军攻克上都，使其在战火中焚毁，后历经战役，只剩台基废墟。20世纪中期，内蒙古自治区文物工作队对元上都遗址进行了考察，2012年，元上都遗址被列入《世界遗产名录》。'], '景点分布': ['元上都由宫城、皇城和外城三部分组成。宫城是全城的核心，离宫式园林建筑特色明显，建有水晶殿、大明殿、香殿、宣文阁、大安阁、穆清阁、华严庙、乾元庙等宫殿楼阁。皇城位于上都的东南角，城墙由砖石砌成，寺庙、国学建筑位于其中。外城墙体由黄土夯筑，百姓民居和商铺聚集于此，从井然有序的街道中仍能感受到当时的繁华景象。', '元上都作为元朝的重要都城，军事防御系统十分完善，城外山头上建有烽火台，外城墙外挖有护城河和石堤护坡。在北门外的龙岗下，还建有拦洪大坝，是由元代著名科学家郭守敬设计修筑的著名水利工程。元上都虽历经风雨洗礼，但仍较完整的保留了原貌，它见证了一代王朝的衰落，是现代人了解历史的重要载体。'], '景区资质': ['世界文化遗产、全国重点文物保护单位'], '景区特色': ['古城遗址、历史、遗址从您位置到元上都遗址']}",92,104,"{'旅游攻略': ['1.跟团游的游客应记好导游的电话号码，以便联系。', '2.游客在旅行活动前应参考本地天地状况。', '3.元上都遗址对特殊人群实行门票优惠政策，有需要的游客应带好记者证、军官证、伤残证、老年证等有效证件。', '4.游客出行时最好穿运动鞋和平底鞋，因遗址面积较大，高跟鞋或皮鞋会有不便。', '5.游客旅行时，应尊重内蒙古当地的风俗习惯。', '6.草原天气变化大，游客应随身携带防雨、防晒、防叮咬用品及日常药品。', '7.元大都遗址地处中温带大陆性气候区，冬季气温较低，游客应带好羽绒服等保暖物品；景区夏季日照强烈，游客出行前应带好防晒霜、太阳帽、墨镜、润唇膏等物品。'], '游览路线': ['忽必烈征战群雕-金莲川赏花区-明德门-御天门-大安阁-穆清阁'], '最佳游览时间': ['6-9月最佳。这里春季多风，秋冬寒冷，夏季环境优美，气候宜人，是旅游的最佳季节。'], '购物推荐': ['游客可在锡林郭勒景区购买到极富草原特色的皮革工艺品、牛皮画及各类肉制品和奶制品。']}","{'景区位置': ['中国>内蒙古自治区>锡林郭勒盟>正蓝旗>扎格斯台苏木>五一种畜场总场>黑城子示范区'], '到达方式': ['北京和内蒙古各地都有直达正蓝旗的班车，到达正蓝旗后乘坐出租车或私人面的即可到达元上都遗址。']}","{'元上都遗址门票价格': ['成人票：30元。', '以下人员免票：', '（1）1.1米以下的儿童；', '（2）现役军人、烈士家属、离休干部；', '（3）70岁以上的老人凭身份证免票。']}",{}
锡林郭勒盟多伦湖,内蒙古,锡林郭勒盟,多伦县,"{'景区简介': ['多伦湖风景区在2011年被旅游休闲杂志评为中国最美的两个秋景之一。其前身是锡林郭勒草原上规模最大的水利枢纽工程-----西山湾水库，西山湾水库修建在滦河上游。多伦湖地处滦河上游，滦河是锡林郭勒盟唯一外流入海河流。景区由七个相连的大小水潭组成，形成两个湖心、两个大半岛、一个沙半岛。这里夏季温热多雨，秋季凉爽宜人，四季气温变化分明，自然景观丰富多彩，特别适于休闲、避暑、度假、旅游。'], '景点分布': ['景区包括四个区域，即北岸码头和过水凉亭、半岛度假区、沙岛休闲区、原始榆树林区，建设了塞外长城、观音洞、厄莫山凉亭等多个景点，有骑马、漂流、划船、游泳、垂钓等多个娱乐项目，并依山建有可同时容纳400人就餐的高档餐厅。这里有一条依山傍湖的环湖路，只要驱车环湖一周，多伦湖所有的美景都会尽收眼底，每年旅游黄金季节，这里举办的全区环多伦湖自行车赛，吸引着来自世界各国的自行车爱好者和全国各大新闻媒体的记者，成为多伦精神文化活动的盛宴。'], '景区资质': ['国家4A级景区'], '景区特色': ['休闲、观光、娱乐、游乐场、湖泊从您位置到多伦湖']}",39,131,"{'最佳游览时间': ['七月、八月和九月上旬'], '购物推荐': ['美食：内蒙古特色手扒肉、盘肠、肉肠']}","{'景区位置': ['中国>内蒙古自治区>锡林郭勒盟>多伦县>多伦诺尔镇>滦源镇>西干沟乡>多伦新型工业化化工区'], '到达方式': ['1.自驾路线：北京—八达岭高速(京藏高速)—沙城出口—沽源五花草甸—闪电河—正蓝旗—多伦县']}",{'多伦湖门票价格': ['80元']},['08:00-18:00']
锡林郭勒盟多伦县滦源殿旅游度假村,内蒙古,锡林郭勒盟,多伦县,"{'景区简介': ['锡林郭勒盟多伦县滦源殿旅游度假村是一处以人工开辟为主的草原避暑胜地，位于多伦县城东16公里处，滦河源头附近，与西山湾风景区首尾相连，遥相呼应。这里依山傍水，气候湿润，环境怡人，建筑面积2000平方米，可同时容纳140人就餐，是集会议、旅游、度假、漂流、垂钓、骑马、游泳、洗浴等多种休闲娱乐活动为一体的大型旅游度假场所。'], '景点分布': ['度假村的主体建筑是一组富有民族特色，规模宏大的蒙古包式建筑群，以气势宏伟的主包为中心，两侧对称排列着4个中型蒙古包。'], '景区资质': ['国家2A级景区'], '景区特色': ['摄影、草原风情游、度假、度假村、草原从您位置到滦源殿度假村']}",50,62,{},"{'景区位置': ['中国>内蒙古自治区>锡林郭勒盟>多伦县>多伦诺尔镇>滦源镇>西干沟乡>多伦新型工业化化工区'], '到达方式': ['锡林郭勒客运站乘坐至多伦县的客车，票价15元，行程3个小时。下车后在县城乘坐小面包到', '度假村，车费6元，行程1个半小时。']}",{},{}
锡林郭勒盟多伦县南沙梁旅游区,内蒙古,锡林郭勒盟,多伦县,"{'景区简介': ['锡林郭勒盟南沙梁旅游区，始建于1999年7月，总面积1500亩，建筑面积1500平方米，位于淖尔镇南的1号沙带（南沙梁），距多伦城3公里。景区的主体建筑和四周景观融为一体，以欧式建筑风格为主，蒙古族风情建筑为辅，餐饮建筑古朴自然，可容纳200人同时就餐。主建筑的前方建有小型广场，可举办百余人同时起舞的篝火晚会。景区内有新石器遗址、乘马俱乐部、火山锥遗址、总理视察点、治沙工程林等六处景观；建有三级环景区砂石路，南沙梁景区自然风貌复杂独特，含蓄秀雅的沙湖，清澈分明的河水，再加上凉爽宜人的气候，使南沙梁成为以沙漠草原旅游为主的综合性景区。'], '景点分布': ['南沙梁旅游区内有滑沙、沙浴、沙滩排球、沙滩足球、划船、骑骆驼、射箭、骑马等活动项目。'], '景区资质': ['国家2A级景区'], '景区特色': ['摄影、草原游、地貌景观游、度假、古迹、度假村、草原、地貌景观从您位置到南沙梁']}",48,28,"{'旅游攻略': ['住宿：多伦县城内有县电信宾馆，房价60元/天。'], '最佳游览时间': ['每年的7、8月份。'], '购物推荐': ['特产：潭源古酒、多伦月饼、细鳞鱼、奶酪、奶饼、蒙古刀、玛瑙、女子头饰、香妃帽、珊瑚', '岱、手链、护身符、簪子、马鞍子、马鞭子、马褡子。']}","{'景区位置': ['中国>内蒙古自治区>锡林郭勒盟>多伦县>多伦诺尔镇>滦源镇>西干沟乡>多伦新型工业化化工区'], '到达方式': ['多伦县城内有小面包车通往南沙梁旅游区，价格4元，行程45分钟。']}",{'南沙梁门票价格': ['票价10元。']},['8：00-18：00']
乌拉盖野狼谷景区,内蒙古,锡林郭勒盟,乌拉盖管委会,"{'景区简介': ['乌拉盖野狼谷景区被誉为“天边秘境”，是集旅游观光，休闲度假，教育研学于一体的综合性旅游景区。景区属于乌拉盖草原腹地，自然资源良好，是《狼图腾》故事的发源地和拍摄地，以观狼为核心，还可动物喂养、草原观光、休闲度假、餐饮住宿、花草体验、篝火观星等等，致力于打造全国最美原生态草原旅游休闲度假区和以草原为主的野生动植物研学基地。'], '景点分布': ['野狼谷景区位于内蒙古乌拉盖管理区贺斯格淖尔草原马鬃山，规划占地面积为11万亩，先后建成综合服务区、草原狼散养区、狼繁育区、食草动物区、五畜园休闲娱乐区、乌珠穆沁民俗文化体验区六大区域等基础配套设施。目前，景区共有草原狼152匹，成年狼89只，2021年新繁育幼狼32只，13只梅花鹿以及救助的狍子、天鹅、大雁等野生动物，开设彩虹民宿96间，以及“一棵树”农场和湖景蒙古包等。'], '景区资质': ['国家4A级景区'], '景区特色': ['自驾、娱乐、露营、草原从您位置到乌拉盖野狼谷']}",0,0,{'最佳游览时间': ['夏秋两季']},"{'景区位置': ['中国>内蒙古自治区>锡林郭勒盟>乌拉盖管委会>巴彦胡硕镇>哈拉盖图农牧场>贺斯格乌拉牧场>乌拉盖牧场'], '到达方式': ['海张高速→G207→S101→X502→乌拉盖野狼谷景区']}","{'乌拉盖野狼谷门票价格': ['成人票价：80元（内含观光车票）', '娱乐项目套票168元', '儿童：1.2米以下大门票，免费；身高1.2-1.4米（含），购买儿童票']}",['07:30-18:30']
腾格里达来月亮湖沙漠生态旅游区,内蒙古,阿拉善盟,阿拉善左旗,"{'景区简介': ['腾格里达来·月亮湖沙漠生态探险旅游区是距国内中心城市半径最短、设施最全、规模最大、旅游内容最为丰富的沙漠生态旅游区，是全球最具影响力的沙漠深度旅游体验地之一。它位于内蒙古自治区阿拉善左旗腾格里沙漠腹地，核心区范围达150平方公里。景区资源组合极为独特，不仅有草原游牧民族传统文化，而且集大漠风光、戈壁神韵、原生态湖泊和藏传佛教为一体，使自然的神奇与人类内心精神的需求得到极为完美的融合。'], '景点分布': ['景区划分为民俗风情区、会所休闲区、宾馆别墅区、生态示范园区和户外体验区五大模块。能极大满足商务、会议、探险和休闲度假旅游市场的需求。'], '景区资质': ['国家4A级景区、国家沙漠地质公园'], '景区特色': ['徒步、观光、沙漠']}",638,301,"{'旅游攻略': ['这里有许多好玩的项目：沙海冲浪→卡丁车角逐大漠；疆场扬鞭→跨骏马纵横旷野；戏碧水天鹅伴舞，依篝火极目星空；驼铃伴随入梦乡，扁舟悠然荡苇丛。别是沙海冲浪，是游人进入月亮湖景区所必须尝试和接受挑战的项目，也是惊险和极富刺激的项目。'], '最佳游览时间': ['6→9月则最佳'], '购物推荐': ['阿拉善肉苁蓉、驼绒制品、奶食品以及大漠奇石等。']}","{'景区位置': ['中国>内蒙古自治区>阿拉善盟>阿拉善左旗>腾格里额里斯镇>银根苏木>超格图呼热苏木>腾格里经济技术开发区>巴彦浩特额鲁特街道>巴彦浩特南环路街道>巴彦浩特新华街道>巴彦浩特王府街道'], '到达方式': ['城市间及市内全程视旅游人数提供座位不等的豪华空调旅游大巴，月亮湖中转站至腾格里沙漠视要求提供北京越野吉普车（可乘坐4人/辆）和特殊改装的沙漠越野大巴（可乘座20人/辆）。因为除此之外，其它车辆均无法进入沙漠。']}",{'月亮湖门票价格': ['160元']},['全天']
阿拉善盟贺兰山南寺广宗寺生态旅游区,内蒙古,阿拉善盟,阿拉善左旗,"{'景区简介': ['贺兰山南寺生态旅游区因供奉有六世达赖喇嘛肉身灵塔而闻名蒙藏宗教界，是原阿拉善八大寺中规模最大、名望最高的寺庙。区内松涛阵阵，绿草茵茵，群山环抱，庙宇轩昂。寺庙依山而建，气势宏伟，富丽堂皇；岩壁上雕满彩绘佛像，为内蒙古地区规模最大的石雕佛像群，是一个集藏传佛教文化与贺兰山自然风光为一体的旅游区。南寺也与六世达赖仓央嘉措有着说不完的故事，让这里更具神秘色彩。'], '景点分布': ['广宗寺藏名“丹吉楞”，俗称南寺，位于阿拉善左旗巴润别立境内，总面积约50平方公里。景区内宗教人文景观有南大门牌坊、金刚口（石雕佛像群）、卫拉特行营、红庙、黄庙、藏经塔、多吉帕姆庙塔、大经堂楼、毡帽山庙、塔尔珠克召等；自然景观有雪岭子、阴阳界、牦牛塘、巴彦笋布尔敖包、冰沟、还愿石、三剑映月、神牛恋主、神僧吟五色池、降魔、神泉等。基础设施、服务功能完善。'], '景区资质': ['国家4A级景区'], '景区特色': ['观光、拜谒、宗教从您位置到南寺广宗寺']}",169,253,"{'旅游攻略': ['游客在这里可以身着蒙古靴，跨骏马、乘骆驼，在篝火的映衬下，欣赏蒙古民族歌舞，在热情的祝酒歌中，品尝清洌醇香的马奶酒，清香扑鼻的手扒肉和烤全羊；夜宿蒙古包，侧耳倾听阵阵牧歌，抬头试数点点繁星，投入大自然的怀抱，城市的喧嚣已在九霄云外；蒙古民族传统的男儿三艺→赛马、射箭、摔跤更是独具魅力。每年六、七月间的庙会中，神秘的祭敖包、查玛表演和八月举办的那达慕，更是能让游客领略到蒙古民族传统文化...'], '最佳游览时间': ['夏季'], '购物推荐': ['阿拉善肉苁蓉、驼绒制品、奶食品以及大漠奇石等。']}","{'景区位置': ['中国>内蒙古自治区>阿拉善盟>阿拉善左旗>腾格里额里斯镇>银根苏木>超格图呼热苏木>腾格里经济技术开发区>巴彦浩特额鲁特街道>巴彦浩特南环路街道>巴彦浩特新华街道>巴彦浩特王府街道'], '到达方式': ['阿拉善盟市区有到达贺兰山南寺景区的旅游专线；包车前往价位60元左右。']}",{'南寺广宗寺门票价格': ['80元/人']},['08:00-17:00']
阿拉善盟通湖草原,内蒙古,阿拉善盟,阿拉善左旗,"{'景区简介': ['通湖草原是古丝绸之北路要塞，被当地人民称为沙漠中的“伊甸园”。地处内蒙古和宁夏交界处的腾格里沙漠腹地，东距阿左旗巴彦浩特200公里，南离宁夏中卫市26公里，西望甘肃河西走廊，与宁夏5A级景区沙坡头隔沙相望，直越8.3公里便可到达。这里沙丘环抱，绿草茵茵，林木繁茂，空气清新，牛羊成群，候鸟翩翩。洁白的蒙古包群，五彩的野营帐蓬，休闲茶座与飘飘营旗连成一片，民族风情浓郁、如诗如画，是游人感受蒙古风情，尽情释放自我的绝佳圣地。'], '景点分布': ['通湖草原内的主要景点有古商道、古盐道、大盛魁古驼道、沙漠湖泊、绿洲、草原、沙山岩画，古长城、古战场、古买卖城遗址、流传千古的神话传说以及热情好客的草原牧民。景区根据大漠草原的资源特色，开发了草原跑马、骑骆驼、沙漠探险、围场射猎、徒步穿越、晨观日出、赏日落、卡丁车越野等情趣各异、开心刺激的特色旅游项目。'], '景区资质': ['国家4A级景区'], '景区特色': ['摄影、度假、自然景观游、草原、沙漠、湿地、湖泊、山川从您位置到通湖草原']}",160,234,"{'最佳游览时间': ['春、夏、秋三季。'], '购物推荐': ['(当地特产)阿拉善双峰驼、锁阳、肉苁蓉、地毯、奶酒、黑瓜子、玛瑙宝石、榛子。', '(特色美食)馓子、酿皮子孙、蒙古炒米、凉拌蹄黄、粉汤饺子、扒驼掌、黄焖羊羔肉。']}","{'景区位置': ['中国>内蒙古自治区>阿拉善盟>阿拉善左旗>腾格里额里斯镇>银根苏木>超格图呼热苏木>腾格里经济技术开发区>巴彦浩特额鲁特街道>巴彦浩特南环路街道>巴彦浩特新华街道>巴彦浩特王府街道>腾格里额里斯苏木'], '到达方式': ['阿拉善市区内有直达通湖草原旅游区的专线车。']}","{'通湖草原门票价格': ['门票60元，篝火晚会票价50元；', '套票100元(门票和篝火晚会)。']}",['全天开放。']
阿拉善盟福因寺（北寺）旅游区,内蒙古,阿拉善盟,阿拉善左旗,"{'景区简介': ['福因寺是阿拉善盟最早开发的旅游景区和第二大藏传佛教圣地，又称“北寺”。寺庙始建于清嘉庆九年，于同治八年被毁，期间经数次修缮，现有庙宇15座，建筑物百余栋，殿堂亭阁一应俱全，蔚为壮观。福因寺旅游区不仅拥有丰厚的文化底蕴，寺周的自然景致也是一大亮点。游古寺、穿林海、观日落、登险峰，福因寺可谓是避暑、度假、游览的理想胜地。'], '景点分布': ['福因寺旅游区景观荟萃，形成了以寺庙为中心的特色旅游区。景区内有北寺沟、千指峰、一线峡、骆驼峰、卧象汲水、活佛遇仙石、石猴山、沐浴潭、白塔、转经阁、阿旺丹德尔纪念塔、状元峰、瞭望塔、贺兰山原始森林、朝霞亭、观霞亭、云台峰、福因洞、阿拉善敖包、猴子山、兄妹峰等景观，浓郁的宗教氛围与秀丽的自然景观融为一体，相映成趣。'], '景区资质': ['国家4A级景区'], '景区特色': ['宗教、观光、摄影、寺庙、塔、森林、山峰、沙漠从您位置到福因寺（北寺）']}",31,32,{'最佳游览时间': ['夏季最佳。']},"{'景区位置': ['中国>内蒙古自治区>阿拉善盟>阿拉善左旗>腾格里额里斯镇>银根苏木>超格图呼热苏木>腾格里经济技术开发区>巴彦浩特额鲁特街道>巴彦浩特南环路街道>巴彦浩特新华街道>巴彦浩特王府街道'], '到达方式': ['旅游旺季时有专线车到达福因寺，淡季前往需包车。这里交通便利，自驾、骑行都是不错的选择。']}","{'福因寺（北寺）门票价格': ['景区门票70元，观光车30元。', '免费人群：1.2米以下儿童、70周岁老年人凭有效证件到景区可享受免费政策。', '优惠人群：学生、65-70岁老年人可享受半价优惠。']}",['07:00-18:00']
阿拉善定远营旅游景区,内蒙古,阿拉善盟,阿拉善左旗,"{'景区简介': ['阿拉善定远营旅游景区素有塞外“小北京”的美誉，是中国北疆游牧民族地区唯一一座雄伟、正规的城池。清康熙二十五年（1686年），蒙古族顾实汗之孙和罗理归顺清政府，后又出征青、藏有功，为世袭亲王，封其驻地为定远营。城池四合院式布局，设计独特，建筑精巧、宏伟，兼具蒙古、汉民族建筑艺术风格，是历史文化的最好讲述者。'], '景点分布': ['定远营位于阿拉善左旗（巴彦浩特镇）王府衔，占地约25万平方米。主要建筑包括王府、延福寺、传统民居、城墙、城门遗存及城内历史街区、历史文化遗存、遗迹等。'], '景区资质': ['国家4A级景区'], '景区特色': ['历史文化、民俗文化、古迹从您位置到定远营']}",1,4,{'最佳游览时间': ['秋季']},"{'景区位置': ['中国>内蒙古自治区>阿拉善盟>阿拉善左旗>腾格里额里斯镇>银根苏木>超格图呼热苏木>腾格里经济技术开发区>巴彦浩特额鲁特街道>巴彦浩特南环路街道>巴彦浩特新华街道>巴彦浩特王府街道'], '到达方式': ['京藏高速→S314→北环路→锡林北路→东关街→王府街']}",{'定远营门票价格': ['免费']},['全天']
阿拉善梦想沙漠汽车航天乐园,内蒙古,阿拉善盟,阿拉善左旗,"{'景区简介': ['阿拉善梦想沙漠汽车航天乐园以汽车文化、航空文化为核心，是中国最大的汽车越野赛事品牌——越野e族英雄会的永久举办地。乐园结合多个领域文化，打造一个地面的黄金旅游项目和一个航空低空旅游线路项目，将三旗通过空中旅游线路连通起来，成为一个空中旅游的黄金线，也成为喜爱探险，追求自由的度假胜地。'], '景点分布': ['梦想沙漠汽车航天乐园位于巴彦浩特镇西南50公里处的腾格里沙漠东缘，总体规划用地约10845亩。乐园分为梦想汽车文化主题乐园、梦想航空文化主题乐园两部分，包括中心酒店、音乐广场、汽车风情小镇、蒙元文化村、商业中心街、免税购物广场、汽车嘉年华、特色体验营地、沙漠赛道、越野e族大队营地、特色加油站等特色建筑，飞机制造、航空航天博物馆、飞行学院、FBO基地、低空旅游、房屋营地、民俗风情街等，并常年举行各大活动赛事。'], '景区资质': ['国家4A级景区'], '景区特色': ['探险、娱乐、游乐园、沙漠从您位置到梦想沙漠']}",1,4,{'最佳游览时间': ['9-10月']},"{'景区位置': ['中国>内蒙古自治区>阿拉善盟>阿拉善左旗>腾格里额里斯镇>银根苏木>超格图呼热苏木>腾格里经济技术开发区>巴彦浩特额鲁特街道>巴彦浩特南环路街道>巴彦浩特新华街道>巴彦浩特王府街道>巴彦浩特镇'], '到达方式': ['巴彦浩特镇打车费用大概260-300元左右', '阿拉善巴彦浩特镇走梦想沙漠公路，导航英雄会即可。']}",{'梦想沙漠门票价格': ['免费']},['全天']
阿拉善盟贺兰山国家狩猎场,内蒙古,阿拉善盟,阿拉善左旗,"{'景区简介': ['阿拉善盟贺兰山国家狩猎场是一个集生态、经济、社会效益于一体的狩猎生态旅游景区，它位于贺兰山自然保护区外的禁牧区，占地面积5800公顷。景区以放生人工饲养的野生二代以下动物为狩猎对象，是一个天然的狩猎场，对维护贺兰山生态平衡有着积极的促进作用。'], '景点分布': ['贺兰山国家狩猎场由宿营生活区、养殖狩猎区和风景观赏区三部分组成，景区内古木参天，溪流潺潺，是野生动物理想的栖息之所，也是游人登山探险的自然乐园。目前景区开展的项目有实弹狩猎、定向靶射击、移动飞盘射击、野生动植物观赏和农庄生活访问，游客既能体验原始刺激的狩猎乐趣，又能感受阿拉善地区蒙古族的独特风情，是怡养身心的最佳最佳休闲地。'], '景区特色': ['狩猎、观光、狩猎场、木屋建筑、名山、森林、野生动物从您位置到贺兰山国家狩猎场']}",22,42,"{'旅游攻略': ['贺兰山国家狩猎场的计费标准根据动物和重量不同，价格也有所区别。'], '最佳游览时间': ['狩猎四季皆有优势和乐趣，全年适宜。']}","{'景区位置': ['中国>内蒙古自治区>阿拉善盟>阿拉善左旗>腾格里额里斯镇>银根苏木>超格图呼热苏木>腾格里经济技术开发区>巴彦浩特额鲁特街道>巴彦浩特南环路街道>巴彦浩特新华街道>巴彦浩特王府街道>巴彦浩特镇'], '到达方式': ['贺兰山国家狩猎场位于阿拉善左旗境内乌巴公路43公里处的贺兰山北峡子沟，距巴彦浩特30公里。游客自驾或包车皆可到达。']}",{'贺兰山国家狩猎场门票价格': ['30元。']},{}
阿拉善盟阿拉善王府,内蒙古,阿拉善盟,阿拉善左旗,"{'景区简介': ['阿拉善王府是阿拉善历代旗王的官署和居住地，其内雕梁画栋，回廊曲折，是以明清园林风格为主的四合院式建筑群落，有“小北京”之称。王府始建于1731年，期间经历代旗王修建，至第十任亲王达理扎雅时期，已颇具规模。文革期间，阿拉善王府遭到极大破坏，后经大幅度修整，于1997年改为阿拉善博物馆。阿拉善王府在历史上久负盛名，时至今日，它依然以丰厚的文化底蕴和绰约的建筑风姿吸引着众多游客前来游览，同时也作为阿拉善的窗口，向世界展示着一个发展中的古城新貌。'], '景点分布': ['阿拉善王府现存建筑分为东西两部分，东部有王府门、过门、2间厢房、4间耳室和9间书室；西部有第十代王爷达理扎雅的住房及3座四合院，共有建筑500多间。王府现为阿拉善博物馆，馆区由历史文物陈列厅、民族风俗文物陈列室和文教卫生展厅组成，通过对文物、史料照片和实物的展览，呈现出阿拉善地区的历史、文化及风土人情，是深入了解阿拉善的百科全书。'], '景区资质': ['全国重点文物保护单位'], '景区特色': ['建筑、摄影、参观、园林、园林、王府、城址从您位置到阿拉善王府']}",26,35,"{'最佳游览时间': ['全年适宜。'], '购物推荐': ['（美食）烤全羊、奶茶、酸奶、奶皮、手扒肉等']}","{'景区位置': ['中国>内蒙古自治区>阿拉善盟>阿拉善左旗>腾格里额里斯镇>银根苏木>超格图呼热苏木>腾格里经济技术开发区>巴彦浩特额鲁特街道>巴彦浩特南环路街道>巴彦浩特新华街道>巴彦浩特王府街道>巴彦浩特镇'], '到达方式': ['阿拉善王府位于旧城王府街上，紧邻延福寺。游客可从长途汽车站打面的车前往，1元/人。']}",{'阿拉善王府门票价格': ['免费。']},['周二至周日开放，周一闭馆。']
内蒙古贺兰山国家级自然保护区,内蒙古,阿拉善盟,阿拉善左旗,"{'景区简介': ['内蒙古贺兰山自然保护区地处贺兰山的中段东侧，并以山脊为界与西侧内蒙古贺兰山国家级自然保护区毗邻。区内自然环境复杂多样，生物多样性比较丰富，植被垂直分带明显，是我国中温带半干旱—干旱地区山地生态系统的典型代表。高等植物有655种，其中国家保护植物有沙冬青等6种；陆栖脊椎动物有135种，其中国家重点保护动物有林麝、兰马鸡等16种。该保护区的建立对研究半旱地区植被发展、演替及恢复生态系统的良性循环具有重要意义。'], '景点分布': ['贺兰山保护区有国家级重点保护植物5种，即：沙冬青、野大豆、蒙古扁桃、羽叶丁香、四合木。'], '景区特色': ['摄影、自然、户外、植物、动物从您位置到贺兰山']}",16,27,{'最佳游览时间': ['夏秋']},"{'景区位置': ['中国>内蒙古自治区>阿拉善盟>阿拉善左旗>腾格里额里斯镇>银根苏木>超格图呼热苏木>腾格里经济技术开发区>巴彦浩特额鲁特街道>巴彦浩特南环路街道>巴彦浩特新华街道>巴彦浩特王府街道'], '到达方式': ['自驾路线：', '拉善盟→民主路→安德街→北环路→S314→内蒙古贺兰山国家级自然保护区。']}",{'贺兰山门票价格': ['无']},['全天']
阿拉善盟巴丹吉林沙漠,内蒙古,阿拉善盟,阿拉善右旗,{},126,85,{},{},{},{}
阿拉善盟曼德拉山岩画,内蒙古,阿拉善盟,阿拉善右旗,{},15,24,{},{},{},{}
